"Artists","Name","Album","Show","Grouping","Year","Comments"
"Alvvays","Pharmacist","Blue Rev","_001","I/III_001, Fem, Canadian, DJ, Evening, GEHam_Zero",2022,"Toronto Ontario, Transgressive Records & Polyvinyl"
"The Besnard Lakes","Raindrops","The Besnard Lakes Are the Last of the Great Thunderstorm Warnings","_001","I/III_001, Canadian, DJ, Night",2020,NA
"Bnny","Take That Back","Everything","_001","I/III_001, Fem, Rain, Hits, DJ, Afternoon, Evening",2021,NA
"Cola","Degree","Deep in View","_001","I/III_001, Canadian, DJ, Afternoon, Evening, GEHam_One",2022,NA
"Crumb","Nina","Jinx","_001","I/III_001, Rain, DJ, Evening, Night, GEHam_One",2019,NA
"DAIISTAR","Star Starter","Good Time","_001","I/III_001, Hits, Drum, DJ, Evening, Night, Ignore",2023,NA
"Fake Palms","Satellite","Lemons","_001","I/III_001, Hits, Canadian, DJ, Evening, Night, GEHam_One",2022,NA
"The Fresh & Onlys","20 Days and 20 Nights","Long Slow Dance","_001","I/III_001, DJ, Evening, Night, Hits, GEHam_One",2012,NA
"Lotus Plaza","Strangers","Spooky Action At A Distance","_001","I/III_001, DJ, Afternoon, Evening, Night, GEHam_Zero",2012,NA
"Motorists","Vainglorious","Surrounded","_001","I/III_001, Canadian, DJ, Afternoon, Evening, GEHam_One",2021,NA
"Pony Girl","Laff It Off","Laff It Off","_001","I/III_001, Canadian, DJ, Evening, CanWav_One",2023,NA
"Porridge Radio","The Rip","Waterslide, Diving Board, Ladder to the Sky","_001","I/III_001, Fem, DJ, Evening",2022,NA
"Status/Non-Status","Gerry","Warrior Down","_001","I/III_001, Hits, Canadian, DJ, Afternoon, Evening, Night",2019,NA
"Wand","White Cat","Plum","_001","I/III_001, Hits, SunnyDees, DJ, Night",2017,NA
"Allah-Las","Better Than Mine","Worship The Sun","_002","I/III_002, Hits, SunnyDees, Folk/Rock, DJ, Afternoon, Evening",2014,"Los Angles California, Innovative Leisure Records"
"Cool Ghouls","Look In Your Mirror","At George's Zoo","_002","I/III_002, Folk/Rock, Rain, Drum, DJ, Afternoon, Evening",2021,NA
"Daniel Romano","Nocturne Child (feat. The Outfit)","Cobra Poems (feat. The Outfit)","_002","I/III_002, Hits, Folk/Rock, Canadian, DJ, Evening, Drum, GEHam_Two",2021,NA
"Dr. Dog","Hang On","Fate","_002","I/III_002, Hits, Folk/Rock, DJ, Evening, Pump",2008,NA
"Hayden","Let's Break Up","The Place Where We Lived","_002","I/III_002, Hits, Folk/Rock, Canadian, DJ, Afternoon, Evening, Drum, Pump, Ignore",2009,NA
"Jason Collett","These Are the Days","Idols of Exile","_002","I/III_002, Folk/Rock, Canadian, Rain, DJ, Afternoon",2005,NA
"Kacy & Clayton","A Certain Kind Of Memory","The Siren's Song","_002","I/III_002, Folk/Rock, Canadian, Rain, Fem, DJ, Afternoon, GEHam_Two",2017,NA
"One Hundred Dollars","Waiting On Another","Songs Of Man","_002","I/III_002, Folk/Rock, Canadian, Fem, DJ, Evening, Rain, Hits",2011,NA
"Sera Cahoone","Every Little Word","Deer Creek Canyon","_002","I/III_002, Folk/Rock, Fem, Rain, Hits, DJ, Afternoon",2012,NA
"Shirley Hurt","Problem Child","Shirley Hurt","_002","I/III_002, Canadian, Fem, Folk/Rock, Rain, DJ, Afternoon, GEHam_One",2022,NA
"Silver Synthetic","Out of the Darkness","Silver Synthetic","_002","I/III_002, Hits, Folk/Rock, DJ, Evening, Night, GEHam_Two,",2020,NA
"Slow Leaves","American Band","Meantime","_002","I/III_002, Canadian, Folk/Rock, DJ, Afternoon, Evening, GEHam_Two",2023,NA
"Vetiver","Another Reason to Go","Tight Knit","_002","I/III_002, Folk/Rock, DJ, Afternoon, Evening",2009,NA
"Alien Nosejob","Ariel View","The Derivative Sounds of... OR... A Dog Always Returns to its Vomit","_003","I/III_003, Hits, DJ, Evening",2023,"Victoria Australia, Anti Fade Records & Goner Records"
"Buffalo Electric","Northern Sky","Snake Oil Remedies","_003","I/III_003, SunnyDees, Rain, DJ, Afternoon, Evening, Drum",2013,NA
"Chains Of Love","You Got It","Chains Of Love","_003","I/III_003, Hits, SunnyDees, Canadian, Fem, DJ, Evening",2011,NA
"Dead Ghosts","Can't Get No","Can't Get No","_003","I/III_003, SunnyDees, Canadian, Dj, Evening, Night, Ignore",2013,NA
"Demon's Claws","Trip to the Clinic","The Defrosting Of","_003","I/III_003, Canadian, DJ, Evening",2010,NA
"The Get Alongs","Rain Magnificent","Weather Permitting","_003","I/III_003, Canadian, DJ, Evening",2022,NA
"Heaters","Memorial","Solstice","_003","I/III_003, Hits, SunnyDees, DJ, Night",2014,NA
"Hinds","SAN DIEGO","Leave Me Alone","_003","I/III_003, Hits, SunnyDees, Fem, DJ, Evening, Night",2016,NA
"Hot Garbage","X-Ray","RIDE","_003","I/III_003, Canadian, DJ, Afternoon, CanWav_Two",2021,NA
"Los Palms","I Don't Wanna Be Cool","Skeleton Ranch","_003","I/III_003, Hits, DJ, Evening, Drum, Pump",2022,NA
"Pow Wow's","You Haven't Got Me Yet","Broken Curses","_003","I/III_003, Hits, SunnyDees, Canadian, DJ, Evening, Night, Drum, Ignore, CanWav_Two",2015,NA
"SHAKING HANDS","Staring At The Sun","Shaking Hands","_003","I/III_003, Hits, SunnyDees, Canadian, DJ, Evening, Night, CanWav_Two",2014,NA
"Shannon & The Clams","Troublemaker","I Wanna Go Home","_003","I/III_003, Hits, SunnyDees, Fem, DJ, Night, Pump",2009,"1-2-3-4 Go! Records"
"Shimmering Stars","I'm Gonna Try","Violent Hearts","_003","I/III_003, SunnyDees, Canadian, DJ, Evening, Hits",2011,NA
"The Shivas","You Know What To Do","You Know What To Do","_003","I/III_003, Hits, SunnyDees, DJ, Night",2014,NA
"Tijuana Panthers","Boardwalk","Semi Sweet","_003","I/III_003, Hits, SunnyDees, DJ, Evening, Night, Pump",2013,NA
"Tough Age","The Heart of Juliet Jones","Tough Age","_003","I/III_003, Hits, SunnyDees, Canadian, DJ, Evening, Night, CanWav_Two",2013,NA
"Anna Haverstock","Thoughts of Summer","Thoughts of Summer - Single","_004","I/III_004, Fem, Canadian, Hits, Drum, DJ, Afternoon, Evening, Ignore",2023,"Saskatoon Saskatchewan, Self Release"
"The Autumn Stones","Endless War","Escapists","_004","I/III_004, Hits, Canadian, DJ, Evening, Night, GEHam_One",2015,"Toronto Ontario, Self Release"
"Buffalo Electric","Lazy Day Lover","???","_004","I/III_004, Hits, SunnyDees, Rain, DJ, Afternoon, Evening",2018,NA
"Gunner & Smith","Find Your Own Way","Hear You in My Head","_004","I/III_004, Canadian, Folk/Rock, DJ, Afternoon, GEHam_Two",2022,NA
"Haunted Summer","When the Suns Out","Spirit Guides","_004","I/III_004, SunnyDees, Fem, Rain, DJ, Evening",2017,NA
"Old Cabin","Borrowed Secrets","Old Cabin","_004","I/III_004, Folk/Rock, Canadian, Rain, Drum, DJ, Evening",2013,NA
"SHAKING HANDS","In The Mean Time","Shaking Hands","_004","I/III_004, SunnyDees, Canadian, DJ, Afternoon, Evening, Night, Rain",2014,NA
"Shirley & The Pyramids","Sapanta Blue","Maid of Time","_004","I/III_004, Hits, Canadian, DJ, Evening, Night, Drum, I/III_029",2023,NA
"Six Moons Later","When The Wind Wakes Me","Ep","_004","I/III_004, SunnyDees, Canadian, Fem, DJ, Evening, Night, Hits, CanWav_Two",2013,NA
"Three Bones","Love Is The Only Way","Haven't You Heard","_004","I/III_004, SunnyDees, Fem, Rain, DJ, Afternoon",2015,NA
"The Beets","You Don't Want Kids to Be Dead","Let the Poison Out","_005","DJ, Afternoon, I/III_005",2011,NA
"Connie Cunningham and the Creeps","Going, Going, Going, Gone","Going, Going, Going Gone: The Rare Recordings of Connie Cunningham and the Creeps, Vol. 1","_005","Hits, DJ, Afternoon, Evening, Throw, I/III_005",2023,NA
"Cut Worms","Don't Want to Say Good-Bye","Alien Sunset - EP","_005","DJ, Afternoon, Rain, Throw, Drum, I/III_005",2017,NA
"Dead Ghosts","Summer With Phil","Can't Get No","_005","Hits, SunnyDees, Canadian, DJ, Night, I/III_005",2013,NA
"Harlem","Someday Soon","Hippies (Bonus Track Version)","_005","Rain, DJ, Afternoon, Evening, I/III_005",2010,NA
"Jon McKiel","Mourning Dove","Bobby Joe Hope","_005","DJ, Afternoon, Rain, Canadian, I/III_005",2020,NA
"Kate Maki","To Please","On High","_005","Folk/Rock, Canadian, Fem, Rain, DJ, Afternoon, I/III_005",2008,NA
"M. Ward","Rollercoaster","Post-War","_005","Folk/Rock, Rain, DJ, Afternoon, I/III_005",2006,NA
"Michael Nau","Rides Through the Morning","Rides Through the Morning - Single","_005","Hits, Drum, Rain, Pump, DJ, Afternoon, Throw, Ignore, I/III_005",2019,NA
"Milk Lines","Suicide Note","Ceramic","_005","Canadian, Folk/Rock, DJ, Evening, I/III_005",2015,NA
"Night Lunch","Lion in the Sun","Night Lunch","_005","Canadian, Fem, DJ, Afternoon, Instrumental, I/III_005",2018,NA
"ROY","Spoons For the World","Spoons For the World - Single","_005","Canadian, Folk/Rock, Rain, DJ, Afternoon, I/III_005",2024,NA
"Sweeping Promises","Hunger for a Way Out","Hunger for a Way Out","_005","Fem, DJ, Evening, I/III_005",2020,NA
"Tough Age","Waiting Here","Waiting Here","_005","Canadian, DJ, Evening, Night, I/III_005",2023,NA
"The Wesleys","25","25 - Single","_005","Canadian, DJ, Evening, I/III_005",2024,NA
"Bully","All This Noise","Lucky for You","_006","Fem, DJ, Night, I/III_006",2023,NA
"Daniel Romano & The Outfit","That's Too Rich","Too Hot To Sleep","_006","Canadian, DJ, Night, I/III_006",2024,NA
"Des Demonas","The South Will Never Rise Again","Des Demonas","_006","Hits, DJ, Night, I/III_006",2017,NA
"Hooded Fang","Graves","Gravez","_006","Hits, SunnyDees, Canadian, DJ, Night, Drum, Pump, Ignore, I/III_006",2013,NA
"Lifeguard","Tell Me When","Dressed in Trenches - EP","_006","DJ, Night, I/III_006",2023,NA
"Liz Cooper","Hot Sass","Hot Sass","_006","Fem, Hits, DJ, Evening, Night, I/III_006",2021,NA
"Nancy & The Mysterious Visions","Clic Clac","The Seven Foot Tall Post-Suicidal Feel Good Blues","_006","DJ, Evening, Night, I/III_006",2021,NA
"Necking","Spare Me","Cut Your Teeth","_006","Fem, Canadian, DJ, Evening, I/III_006",2019,NA
"NOBRO","Where My Girls At","Set Your P***y Free","_006","Canadian, Fem, DJ, Evening, I/III_006",2023,NA
"Prison Affair","I Want Ya (In My Cell)","Demo - EP","_006","DJ, Evening, I/III_006",2019,NA
"Private Lives","Trust In Me","Hit Record","_006","Canadian, Fem, DJ, Evening, CanWav_One, GEHam_One, I/III_006",2023,NA
"Psychic Void","Back 2 Reality","Cemetery Eyes","_006","Canadian, DJ, Night, I/III_006",2023,NA
"Rearranged Face","Dreadful Apparition","A Rare Caged Fern","_006","DJ, Afternoon, Evening, Night, I/III_006",2021,NA
"Shannon & The Clams","Blast Me to Bermuds","I Wanna Go Home","_006","SunnyDees, Fem, DJ, Evening, I/III_006",2009,"1-2-3-4 Go! Records"
"The Steves","Texas","To the Band","_006","Canadian, DJ, Night, I/III_006",2023,NA
"Thee Oh Sees","Gholü","Face Stabber","_006","DJ, Night, I/III_006",2019,NA
"Uncola","Plasma","Desolate - EP","_006","Canadian, Fem, DJ, Evening, Night, I/III_006",2024,NA
"Wine Lips","Big Muff","Wine Lips","_006","Hits, Canadian, DJ, Night, I/III_006",2017,NA
"Babe Rainbow","Cosmic Now","The Babe Rainbow","_007","DJ, Afternoon, I/III_007",2017,"Byron Bay Australia, Flightless"
"Elephant Stone","Lost In A Dream","Back Into The Dream","_007","Canadian, DJ, Evening, I/III_007",2023,NA
"Jacco Gardner","Clear The Air","Cabinet Of Curiosities","_007","Hits, SunnyDees, DJ, Afternoon, Evening, I/III_007",2013,NA
"Kali Horse","New Spring","Some Type of Electric Lagoon","_007","Canadian, Fem, DJ, Evening, Night, I/III_007",2023,NA
"levitation room","Strange Weather","Strange Weather","_007","Hits, DJ, Evening, I/III_007",2024,NA
"Mother Sun","Smoke City","Train of Thought","_007","Canadian, DJ, Evening, I/III_007",2022,NA
"Plain Jade","Anagram","Anagram - Single","_007","Hits, DJ, Evening, Drum, Canadian, Ignore, CanWav003, I/III_007",2019,NA
"The Soundcarriers","Waves","Wilds","_007","Hits, Fem, DJ, Evening, Drum, Pump, I/III_007",2021,NA
"Temples","Certainty","Volcano","_007","Hits, SunnyDees, DJ, Evening, Night, I/III_007",2016,NA
"BBQ Pope","Baby Face","BBQ Pope","_008","Canadian, DJ, Afternoon, Evening, I/III_008",2017,NA
"The Definitelays","Rager at Ruth's","Rager at Ruth's - Single","_008","Canadian, Fem, DJ, Evening, I/III_008",2023,NA
"Frankie & The Witch Fingers","Brain Telephone","Brain Telephone","_008","Hits, SunnyDees, DJ, Night, I/III_008",2017,NA
"FRANKIIE","Cruel","Between Dreams","_008","Canadian, Fem, DJ, Afternoon, Evening, I/III_008",2023,NA
"The Garrys","Heavy Flow","Get Thee to a Nunnery","_008","Fem, Canadian, DJ, Evening, I/III_008",2021,NA
"Kelley Stoltz","I Remember, You Were Wild","To Dreamers","_008","Hits, SunnyDees, DJ, Evening, I/III_008",2010,NA
"Kiwi jr.","Waiting In Line","Cooler Returns","_008","Canadian, DJ, Afternoon, Evening, CanWav_Two, I/III_008",2021,NA
"The Lazy Eyes","The Seaside","SongBook","_008","Hits, DJ, Evening, Night, I/III_008",2022,NA
"Pins & Needles","Mystic Woman","Mystic Woman","_008","Canadian, Fem, DJ, Afternoon, Evening, I/III_008",2018,NA
"Sunfruits","End of the World","One Degree","_008","Hits, DJ, Evening, Drum, Pump, I/III_008",2023,NA
"The Umbrellas","When You Find Out","Fairweather Friend","_008","Fem, DJ, Evening, I/III_008",2024,NA
"Winds","Don't Make Me Choose","Look at the Sky","_008","Hits, Drum, DJ, Evening, Pump, Ignore, I/III_008",2021,NA
"Ancient Shapes","I Wanna Put My Tears Back In","Ancient Shapes","_009","Canadian, DJ, Evening, Night, I/III_009",2016,NA
"Apollo Ghosts","Peace Motive","Pink Tiger","_009","Canadian, DJ, Evening, I/III_009",2022,"Vancouver British Columbia, You've Changed Records"
"Bleached","Dead Boy","Ride Your Heart","_009","SunnyDees, Fem, DJ, Evening, I/III_009",2013,NA
"The Franky Tones","Not so Sweet Leaf","Amateurs of Reality","_009","Canadian, DJ, Evening, I/III_009",2023,NA
"The John Denver Airport Conspiracy","But We're Not Expecting It To","Something's Gotta Give !","_009","Canadian, DJ, Evening, Night, I/III_009",2021,NA
"King Tuff","Beautiful Thing","Black Moon Spell","_009","Hits, SunnyDees, DJ, Evening, Night, I/III_009",2014,"© 2014 Sub Pop Records"
"Las Rosas","Moody","Everyone Gets Exactly What They Want","_009","DJ, Evening, I/III_009",2017,NA
"Michael Rault","Real Love (Yeah)","Living Daylight","_009","Hits, SunnyDees, Canadian, DJ, Evening, I/III_009",2015,NA
"Mr. Elevator","Madeline","When the Morning Greets You","_009","SunnyDees, DJ, Evening, I/III_009",2016,NA
"The Murlocs","Noble Soldier","Old Locomotive","_009","Hits, DJ, Night, Drum, Pump, Ignore, I/III_009",2017,NA
"Night Beats","That's All You Got (feat. Robert Levon Been)","That's All You Got (feat. Robert Levon Been) - Single","_009","Rain, Hits, DJ, Afternoon, Evening, Night, Drum, Pump, Throw, Ignore, I/III_009",2020,NA
"Parsnip","The Light","The Light - Single","_009","Fem, DJ, Evening, I/III_009",2024,NA
"SHAKING HANDS","Flowers","Flowers/Can't Help Myself","_009","Hits, SunnyDees, Canadian, DJ, Evening, Night, Drum, Ignore, I/III_009",2015,NA
"The Shilohs","Get Ready Now","So Wild","_009","Hits, Canadian, DJ, Evening, Pump, I/III_009, I/III_047",2013,NA
"Three Bones","Hold On To Ya","Haven't You Heard","_009","Hits, SunnyDees, Fem, DJ, Evening, Night, I/III_009",2015,NA
"Zeus","You Gotta' Teller","Say Us","_009","Hits, Canadian, DJ, Evening, Night, I/III_009",2010,NA
"Boeckner","Holy Is the Night","Boeckner!","_010","Canadian, DJ, Afternoon, Evening, I/III_010",2024,NA
"Crystal Eyes","Wishes","The Sweetness Restored","_010","Canadian, Fem, DJ, Evening, I/III_010",2022,NA
"Foxwarren","Everything Apart","Foxwarren","_010","Hits, Canadian, Folk/Rock, DJ, Evening, Night, Drum, Pump, GEHam_Two, I/III_010",2018,"Regina Saskatchewan,"
"Francis of Delirium","Blue Tuesday","Lighthouse","_010","Canadian, Fem, DJ, Evening, I/III_010",2023,NA
"Friko","Get Numb To It!","Where we've been, Where we go from here","_010","DJ, Afternoon, Evening, Night, I/III_010",2024,NA
"Grounders","Grand Prize Drawl","Wreck Of A Smile","_010","Hits, Canadian, DJ, Evening, I/III_010",2013,NA
"Honeyglaze","Female Lead","Honeyglaze","_010","Hits, Fem, DJ, Evening, Drum, I/III_010",2022,NA
"King Hannah","It's Me and You, Kid","I'm Not Sorry, I Was Just Being Me","_010","Hits, Fem, Rain, DJ, Night, I/III_010",2022,NA
"Lady Lamb","Billions of Eyes","After","_010","Hits, Fem, Drum, Pump, DJ, Afternoon, Evening, Ignore, I/III_010, I/III_047",2015,NA
"Personal Trainer","Milk","Former Puppy - EP","_010","Hits, Drum, Pump, DJ, Evening, Ignore, I/III_010",2022,NA
"Pip Blom","You Don't Want This","Welcome Break","_010","Hits, Fem, DJ, Evening, Night, I/III_010",2021,NA
"Sunglaciers","One Time or Another","Regular Nature","_010","Canadian, DJ, Evening, I/III_010",2024,NA
"Bart","Forced Perspective","Some Kind of Way","_011","Hits, Canadian, DJ, Evening, Night, I/III_011",2023,NA
"Bingo Fury","Power Drill","Bats Feet For a Widow","_011","DJ, Evening, I/III_011",2023,NA
"Cola","Pallor Tricks","The Gloss","_011","Canadian, DJ, Evening, I/III_011",2024,NA
"Dancer","Change","10 Songs I Hate About You","_011","Fem, DJ, Evening, I/III_011",2024,NA
"Drinks","Hermits On Holiday","Hermits On Holiday","_011","SunnyDees, Fem, DJ, Afternoon, Evening, I/III_011",2015,NA
"Dumb","Gibberish","Pray 4 Tomorrow","_011","Canadian, DJ, Evening, I/III_011",2022,NA
"The Early Mornings","Ultra-Modern Rain","Ultra-Modern Rain - EP","_011","Fem, DJ, Evening, I/III_011",2022,NA
"Fake Palms","Sparkles","Fake Palms","_011","Hits, Canadian, DJ, Night, Drum, Ignore, I/III_011, I/III_047",2015,NA
"Gloin","Pitchfork","We Found This","_011","Canadian, DJ, Evening, I/III_011",2022,NA
"Hélène Barbier","Unbolted Cover","Regulus","_011","Fem, DJ, Afternoon, Evening, I/III_011",2021,NA
"The Lounge Society","Last Breath","Tired of Liberty","_011","DJ, Evening, Night, GEHam_One, I/III_011",2022,NA
"Mock Media","Father of that crime","Mock Media II","_011","Canadian, DJ, Evening, I/III_011",2023,NA
"Public Display of Affection","Rose","P.D.O.A. - EP","_011","Fem, DJ, Evening, I/III_011",2021,NA
"Real Farmer","Next In","Compare What's There","_011","DJ, Evening, I/III_011",2024,NA
"Tomato Flower","Magdalene","No","_011","Fem, DJ, Evening, I/III_011",2024,NA
"The Wesleys","Death By the Bite","The Wesleys","_011","Canadian, DJ, Evening, I/III_011",2024,NA
"Andy Shauf","Halloween Store","Norm","_012","Canadian, Folk/Rock, DJ, Afternoon, I/III_012",2023,"Regina Saskatchewan, Anti & Arts and Crafts"
"Daniel Romano","The Motions (feat. The Outfit)","Cobra Poems (feat. The Outfit)","_012","Folk/Rock, Canadian, Rain, Fem, DJ, Afternoon, I/III_012",2021,NA
"Dorothea Paas","Anything Can't Happen","Anything Can't Happen","_012","Fem, Canadian, Folk/Rock, DJ, Afternoon, Evening, GEHam_Two, I/III_012",2021,NA
"Fleet Foxes","Mykonos","Sun Giant [EP]","_012","Hits, Folk/Rock, DJ, Evening, Drum, Pump, I/III_012",2008,NA
"Full Power Happy Hour","Bit of Brightness","Bit of Brightness","_012","Hits, Fem, Folk/Rock, DJ, Afternoon, Evening, Pump, GEHam_Two, I/III_012",2022,NA
"Jason Collett","Dark Times","Head Full Of Wonder","_012","Hits, Canadian, Folk/Rock, DJ, Afternoon, Evening, I/III_012",2022,NA
"John Andrews & The Yawns","River of Doubt","Cookbook","_012","Hits, Folk/Rock, Rain, DJ, Afternoon, Evening, I/III_012",2021,NA
"Kevin Morby","Dorothy","Singing Saw","_012","Hits, Folk/Rock, DJ, Evening, Drum, Pump, Ignore, I/III_012",2016,NA
"Loving","No Mast","Any Light","_012","Canadian, Folk/Rock, Rain, DJ, Afternoon, I/III_012, I/III_047",2024,NA
"Marina Allen","Sleeper Train","Candlepower","_012","Fem, Rain, Folk/Rock, DJ, Afternoon, Night, I/III_012",2021,NA
"Rosali","Hopeless","Bite Down","_012","Folk/Rock, Fem, DJ, Evening, I/III_012",2024,NA
"ROY","Cold Water In My Tea","Spoons for the World","_012","Folk/Rock, Canadian, DJ, Afternoon, Evening, I/III_012",2024,NA
"Ac Sapphire","Oblivion","December 32nd","_013","Folk/Rock, Fem, DJ, Afternoon, I/III_013",2024,"Portland Oregon, American Standard Time Records"
"Adrianne Lenker","Sadness As a Gift","Bright Future","_013","Fem, Folk/Rock, Rain, DJ, Afternoon, I/III_013",2024,"Indianapolis Indiana, 4ad"
"Demon's Claws","You'll Always Be My Friend","The Defrosting Of","_013","Canadian, Folk/Rock, DJ, Evening, I/III_013",2010,NA
"Jennifer Castle","Sparta","Pink City","_013","Hits, Folk/Rock, Canadian, Fem, DJ, Afternoon, Evening, I/III_013",2014,NA
"Julianna Riolino","Queen of Spades","All Blue","_013","Folk/Rock, Fem, Canadian, DJ, Afternoon, Evening, I/III_013",2022,NA
"Kate Maki","Fought the Cattle","Moonshine","_013","Folk/Rock, Canadian, Fem, DJ, Afternoon, Evening, I/III_013",2011,NA
"Milk Lines","Crib Death","Ceramic","_013","Canadian, Folk/Rock, DJ, Evening, I/III_013",2015,NA
"Orville Peck & Willie Nelson","Cowboys Are Frequently Secretly Fond Of Each Other","Cowboys Are Frequently Secretly Fond Of Each Other - Single","_013","Canadian, Folk/Rock, DJ, Evening, I/III_013",2024,NA
"Steel Saddle","Donny the Satanist","Steel Saddle","_013","Folk/Rock, Canadian, DJ, Evening, I/III_013",2024,NA
"Zachary Lucky","Sell All You Have","Everywhere a Man Can Be","_013","Folk/Rock, Canadian, Rain, DJ, Afternoon, I/III_013",2016,NA
"Corridor","Phase IV","Mimi","_014","Canadian, DJ, Afternoon, Evening, I/III_014",2024,NA
"Dead Meadow","Sleepy Silver Door","Dead Meadow","_014","Hits, DJ, Night, I/III_014",2001,NA
"Frankie & The Witch Fingers","Futurephobic","Data Doom","_014","Hits, DJ, Evening, Night, Drum, I/III_014, I/III_047",2023,NA
"Heaters","Skimmer","Holy Water Pool","_014","DJ, Evening, Night, I/III_014",2015,NA
"Hot Garbage","Snooze You Lose","Precious Dream","_014","Canadian, DJ, Evening, Night, I/III_014",2023,NA
"Kairos Creature Club","Deleuzean","Kairos Creature Club","_014","Fem, DJ, Evening, I/III_014",2024,NA
"Population II","Comme tu le souhaites (Ding Dong)","Serpent Échelle - EP","_014","Canadian, DJ, Evening, Night, I/III_014",2024,NA
"The Radiation Flowers","Visions","Stuck In A Maze - EP","_014","Fem, Canadian, DJ, Evening, Night, I/III_014",2020,NA
"Sam Jr.","Get Found (feat. Tess Parks)","Get Found (feat. Tess Parks) - Single","_014","Fem, Canadian, DJ, Evening, I/III_014",2024,NA
"Sam Jr.","Get Found (feat. Tess Parks)","Inner Shadow","_014","Fem, Canadian, DJ, Evening, I/III_014",2024,NA
"Tebby And The Heavy","Turn It Around","Turn It Around - Single","_014","Hits, Canadian, Fem, DJ, Evening, Night, Drum, Pump, I/III_014",2022,NA
"Wine Lips","Cash Man","Super Mega Ultra","_014","Canadian, DJ, Evening, Night, I/III_014",2024,NA
"Alix Fernz","Bizou","Bizou","_015","DJ, Afternoon, I/III_015",2024,"Montreal Quebec, Mothland"
"Caleb Landry Jones","Corn Mine","Hey Gary, Hey Dawn","_015","Rain, DJ, Afternoon, Evening, I/III_015",2024,NA
"Dump Babes","Known Liar","Known Liar - Single","_015","Canadian, Fem, DJ, Evening, I/III_015",2024,NA
"Faith Healer","Try ;-)","Try ;-)","_015","Canadian, Fem, DJ, Afternoon, Evening, Rain, Hits, I/III_015",2017,NA
"Hand Habits","Aquamarine","Fun House","_015","Fem, Folk/Rock, DJ, Afternoon, I/III_015",2021,NA
"Hannah Cohen","Get in Line","Welcome Home","_015","Fem, Rain, DJ, Afternoon, I/III_015",2019,NA
"Lia Ices","Higher","Ices","_015","Hits, Fem, DJ, Afternoon, Evening, I/III_015",2014,NA
"NYSSA","Creature 2 Creature","Shake Me Where I'm Foolish","_015","Fem, Canadian, Hits, Pump, DJ, Evening, I/III_015",2024,NA
"Paul Jacobs","Christopher Robbins","Pink Dogs on the Green Grass","_015","Canadian, DJ, Evening, CanWav_One, I/III_015",2021,NA
"TOPS","Way to be Loved","Picture You Staring","_015","Canadian, Fem, Rain, DJ, Evening, CanWav_One, I/III_015",2014,NA
"Tune-Yards","hold yourself.","sketchy.","_015","Hits, Fem, DJ, Evening, Night, Drum, Pump, Ignore, I/III_015",2021,NA
"Yeasayer","Sunrise","All Hour Cymbals","_015","Hits, Pump, DJ, Evening, Night, I/III_015",2007,NA
"Dehd","Lucky","Water","_016","Hits, DJ, Afternoon, Evening, Drum, Pump, Ignore, I/III_016",2019,NA
"Dopey's Robe","Majesty of Death & Time","Velvet Skinner","_016","Hits, Canadian, DJ, Evening, Night, I/III_016",2020,NA
"GHOSTWOMAN","Dead & Gone","Ghost Woman","_016","Hits, Canadian, DJ, Night, I/III_016",2022,NA
"Holy Void","Fear in Your Mind","Fear in Your Mind - Single","_016","Canadian, DJ, Evening, Night, CanWav003, I/III_016",2023,NA
"King Gizzard & The Lizard Wizard","Let Me Mend The Past","Float Along - Fill Your Lungs","_016","SunnyDees, DJ, Afternoon, Evening, Hits, I/III_016",2013,NA
"The Mystery Lights","Follow Me Home","The Mystery Lights","_016","Hits, SunnyDees, Throw, DJ, Night, I/III_016",2016,NA
"Night Beats","I Was a Teenage Werewolf","I Was A Teenage Werewolf - Single","_016","Hits, DJ, Afternoon, Evening, Night, Throw, I/III_016",2023,NA
"Physical Congas","Confusion Wants","Oh No! - Single","_016","Canadian, DJ, Evening, I/III_016",2023,NA
"Prison Affair","Escríbelo con sangre","Versiones Talegueras - Single","_016","DJ, Evening, I/III_016",2023,NA
"Raeburn","Swell","Swell - Single","_016","Canadian, DJ, Evening, Night I/III_016",2024,NA
"ROY","Let Me Tell Ya","Roy's Garage","_016","Canadian, DJ, Evening, I/III_016",2021,NA
"Shannon & The Clams","Oh So Close, Yet So Far","The Moon Is In The Wrong Place","_016","Fem, Rain, DJ, Afternoon, Evening, I/III_016",2024,NA
"Thee Oh Sees","Tidal Wave (Live)","Levitation Sessions Vol. II (Live)","_016","Hits, Live, DJ, Evening, Night, I/III_016",2021,NA
"Tough Age","Open It Up","Tough Age","_016","Hits, SunnyDees, Canadian, DJ, Evening, Night, Pump, I/III_016",2013,NA
"Vypers","Mr Girl","Champion 100 - EP","_016","Canadian, DJ, Evening, I/III_016",2018,NA
"White Fence","Like That","...For The Recently Found Innocent","_016","Hits, SunnyDees, DJ, Evening, I/III_016",2014,NA
"Allah-Las","Vis-A-Vis","Allah-Las","_017","Hits, SunnyDees, Pump, DJ, Afternoon, Evening, Drum, Ignore, I/III_017",2012,"Los Angles California, Innovative Leisure Records"
"Chains Of Love","He's Leaving (With Me)","Strange Grey Days","_017","Hits, SunnyDees, Canadian, Fem, DJ, Evening, Night, I/III_017",2012,NA
"Dead Ghosts","Roky Said","Can't Get No","_017","Hits, SunnyDees, Canadian, DJ, Night, Drum, Ignore, CanWav_Two, I/III_017",2013,NA
"Donna Blue","All for Show","Into the Realm of Love","_017","Fem, Rain, DJ, Afternoon, I/III_017",2024,NA
"FRANKIIE","Funny Feelings","Forget Your Head","_017","Canadian, Fem, DJ, Afternoon, Evening, CanWav_Two, I/III_017",2019,NA
"Froth","Lost My Mind","Patterns","_017","Hits, SunnyDees, DJ, Evening, Night, I/III_017",2014,NA
"La Luz","Dandelions","News of the Universe","_017","Fem, DJ, Evening, I/III_017",2024,NA
"Las Rosas","Mexi","Everyone Gets Exactly What They Want","_017","Rain, DJ, Afternoon, I/III_017",2017,NA
"Los Palms","Sunday Death Dive","Skeleton Ranch","_017","DJ, Evening, Night, I/III_017",2022,NA
"Plain Jade","Dirty Water","Arthur's Debt","_017","Canadian, DJ, Afternoon, Evening, I/III_017",2024,NA
"Tebby And The Heavy","Lovers In Space","Lovers In Space - Single","_017","Hits, Canadian, Fem, Rain, DJ, Afternoon, Evening, CanWav_Two, I/III_017",2022,NA
"TEKE::TEKE","Yoru Ni","Shirushi","_017","Canadian, Fem, DJ, Afternoon, Evening, CanWav_Two, I/III_017",2021,NA
"Bess Atwell","Release Myself","Light Sleeper","_018","Folk/Rock, Fem, DJ, Afternoon, Evening, I/III_018",2024,NA
"Color Green","Four Leaf Clover","Fool’s Parade","_018","Folk/Rock, DJ, Evening, I/III_018",2024,NA
"Cut Worms","Too Bad","Cut Worms","_018","Folk/Rock, Rain, DJ, Afternoon, Evening, Night, GEHam_Two, I/III_018",2023,NA
"Loving","Medicine","Any Light","_018","Canadian, Folk/Rock, Rain, Hits, DJ, Afternoon, I/III_018",2023,NA
"Mapache","People Please","Swinging Stars","_018","Folk/Rock, Rain, DJ, Afternoon, Evening, I/III_018",2023,NA
"Marina Allen","Swinging Doors","Eight Pointed Star","_018","Folk/Rock, Fem, DJ, Afternoon, Evening, I/III_018",2024,NA
"The Moonlight Years","Miscommunication","Moonlight Years","_018","Folk/Rock, Rain, Canadian, DJ, Afternoon, I/III_018",2022,NA
"Nico Paulo","The Master","Nico Paulo","_018","Fem, Canadian, Folk/Rock, DJ, Afternoon, Evening, I/III_018",2023,NA
"The Royal Family","Metamorphosis","The Royal Family","_018","Folk/Rock, Rain, Canadian, DJ, Afternoon, I/III_018",2023,NA
"Snake River","Jeanie, I Know When I Want to Go Home","Tread on to the Seaside - EP","_018","Canadian, Rain, Folk/Rock, DJ, Afternoon, Evening, I/III_018",2019,NA
"Status/Non-Status","North Adelaide","Surely Travel","_018","Canadian, Folk/Rock, Rain, Fem, DJ, Afternoon, I/III_018",2022,NA
"Actor Director","Gold","Gold - Single","_019","Canadian, DJ, Evening, I/III_019",2021,"Saskatoon Saskatchewan, Mischief Records"
"Beach Body","I'm So Tired","Walking Holiday","_019","Canadian, DJ, Afternoon, I/III_019",2021,NA
"Big Rig","Crying in a Corn Maze","Big Rig","_019","Fem, Canadian, DJ, Afternoon, Evening, I/III_019",2022,NA
"BRAIDS","Miniskirt","Deep In The Iris","_019","Hits, Canadian, Fem, DJ, Afternoon, Evening, I/III_019",2015,NA
"Caribou","Home","Suddenly","_019","Canadian, DJ, Afternoon, Evening, I/III_019",2019,NA
"Dana Gavanski","Ears Were Growing","LATE SLAP","_019","Fem, Hits, DJ, Evening, I/III_019",2024,NA
"Ducks Ltd.","When You're Outside","When You're Outside - Single","_019","Canadian, DJ, Evening, I/III_019",2024,NA
"Faith Healer","Another Fool","The Hand That Fits the Glove","_019","Fem, Canadian, DJ, Evening, I/III_019",2023,NA
"Generationals","When They Fight, They Fight","Con Law","_019","Hits, DJ, Afternoon, Evening, Drum, Pump, Ignore, I/III_019",2009,NA
"Midnight Sister","Foxes","Painting the Roses","_019","Rain, Hits, Fem, DJ, Afternoon, Evening, Drum, Pump, I/III_019, I/III_047",2021,NA
"Mister Heavenly","Makin' Excuses","Boxing the Moonlight","_019","Hits, DJ, Evening, Drum, Pump, Ignore, I/III_019",2017,NA
"Tame Impala","The Less I Know The Better","Currents","_019","SunnyDees, DJ, Evening, I/III_019",2015,NA
"Yeasayer","Ambling Alp","Odd Blood","_019","Hits, DJ, Evening, Night, Drum, Pump, Ignore, I/III_019",2010,NA
"BBQ Pope","No More","BBQ Pope","_020","Canadian, DJ, Evening, Night, I/III_020",2017,NA
"Black Mountain","The Hair Song","Wilderness Heart","_020","Hits, Canadian, Fem, DJ, Night, Evening, GEHam_One, I/III_020",2010,NA
"Girl and Girl","Hello","Call A Doctor","_020","Hits, Pump, DJ, Evening, I/III_020",2024,NA
"King Hannah","New York, Let's Do Nothing","Big Swimmer","_020","Fem, Hits, DJ, Evening, I/III_020",2024,NA
"The Lounge Society","Blood Money","Tired of Liberty","_020","DJ, Night, I/III_020",2022,NA
"MJ Meehan","Chained by Design","Spells","_020","Canadian, Hits, DJ, Evening, I/III_020",2024,NA
"Ohtis","Schatze (feat. Stef Chura)","Schatze b/w Failure - Single","_020","Hits, Drum, Pump, DJ, Evening, Fem, Ignore, I/III_020",2021,NA
"Porridge Radio","Back To the Radio","Waterslide, Diving Board, Ladder to the Sky","_020","Fem, DJ, Evening, Hits, I/III_020",2022,NA
"Private Lives","Dead Hand","Hit Record","_020","Canadian, Fem, DJ, Evening, I/III_020",2023,NA
"Real Farmer","Consequence","Compare What's There","_020","DJ, Evening, I/III_020",2024,NA
"Status/Non-Status","When They Were","Surely Travel","_020","Hits, Canadian, Drum, Pump, DJ, Evening, Night, Ignore, GEHam_One, I/III_020, I/III_047",2022,NA
"Torrey","Bounce","Torrey","_020","Fem, DJ, Evening, I/III_020",2024,NA
"Weird Nightmare","Lusitania","Weird Nightmare","_020","Canadian, Hits, DJ, Evening, Night, I/III_020",2022,NA
"The Wesleys","I've Been Waiting","The Wesleys","_020","Canadian, DJ, Evening, I/III_020",2024,NA
"Badge Époque Ensemble","Zealous Child (feat. Dorothea Paas)","Nature, Man & Woman - EP","_021","Hits, DJ, Evening, Afternoon, I/III_021",2019,NA
"Cindy Lee","Dracula","Diamond Jubilee","_021","Canadian, DJ, Afternoon, Evening, I/III_021",2024,NA
"DOOM GONG","Memory Maze","Dream Behemoth","_021","DJ, Evening, I/III_021",2023,NA
"Garrett T. Capps","People Are Beautiful (feat. NASA Country)","People Are Beautiful (feat. NASA Country)","_021","Folk/Rock, Hits, Pump, DJ, Evening, Night, I/III_021",2022,NA
"Holy Wave","Western Playland","Freaks of Nurture","_021","Hits, SunnyDees, DJ, Evening, Night, Drum, GEHam_Zero, Ignore, I/III_021",2016,NA
"Jared Jackel's Bad Vibrations","Deepest Well","Saw-Horse Pentagrams","_021","Canadian, DJ, Afternoon, Evening, CanWav003, I/III_021",2019,NA
"Possum","The Hills","Space Grade Assembly","_021","Hits, Canadian, DJ, Night, Drum, Pump, CanWav003, I/III_021",2019,NA
"Rose City Band","Wildflowers","Summerlong","_021","Folk/Rock, DJ, Afternoon, Evening, I/III_021",2020,NA
"The Sadies","Message to Belial","Colder Streams","_021","Canadian, Folk/Rock,DJ, Afternoon, Evening, I/III_021",2022,NA
"Blume","Go To Sleep","Go To Sleep / Passes Me By - Single","_022","Canadian, Rain, DJ, Afternoon, I/III_022",2024,NA
"DAIISTAR","Clear","Clear - Single","_022","DJ, Afternoon, Evening, I/III_022",2024,NA
"Faith Healer","I'm a Dog","The Hand That Fits the Glove","_022","Fem, Canadian, DJ, Afternoon, Evening, I/III_022",2023,NA
"Holy Void","I Will Never Be Again","Naught","_022","Canadian, Instrumental, DJ, Evening, Night, GEHam_Zero, I/III_022",2019,NA
"Lightning Bug","The Quickening","No Paradise","_022","Fem, DJ, Evening, I/III_022",2024,NA
"Melody's Echo Chamber","Pêcheuse de Lune","Unfold","_022","Fem, DJ, Night, GEHam_Zero, I/III_022",2022,NA
"Mother Tongues","A Heart Beating","Love in a Vicious Way","_022","Canadian, Fem, DJ, Evening, GEHam_Zero, I/III_022",2023,NA
"OMBIIGIZI","Connecting","Connecting - Single","_022","Canadian, DJ, Evening, I/III_022",2024,NA
"Sam Jr.","YRU","Inner Shadow","_022","Canadian, DJ, Evening, Night, I/III_022",2023,NA
"Still Corners","The Dream","Dream Talk","_022","Fem, DJ, Evening, I/III_022",2024,NA
"Vanishing Twin","The Age of Immunology (Version)","You Are Not an Island (Version) - EP","_022","Fem, DJ, Afternoon, I/III_022",2024,NA
"Vinyl Williams","Riddles of the Sphinx","Brunei","_022","SunnyDees, DJ, Evening, Night, I/III_022",2016,NA
"Andy Shauf","Try Again","The Neon Skyline","_023","Hits, Canadian, Folk/Rock, DJ, Evening, Afternoon, Drum, Pump, Ignore, I/III_023",2019,"Regina Saskatchewan, Anti & Arts and Crafts"
"The Blaze Velluto Collection","Aligned","What's On Your Mind?","_023","Canadian, Fem, DJ, Evening, Folk/Rock, I/III_023",2023,NA
"Loving","Gift","Any Light","_023","Canadian, Folk/Rock, Rain, DJ, Afternoon, I/III_023",2024,NA
"Mapache","Ghosts","Swinging Stars","_023","Rain, Folk/Rock, DJ, Afternoon, Evening, Night, GEHam_Two, I/III_023",2023,NA
"Marina Allen","Oh, Louise","Candlepower","_023","Fem, Rain, Hits, Folk/Rock, DJ, Afternoon, Evening, I/III_023",2021,NA
"Michael Rault","Inside Your Heart","Michael Rault","_023","Canadian, Folk/Rock, Rain, DJ, Afternoon, Evening, I/III_023",2006,NA
"Nico Paulo","Time","Nico Paulo","_023","Fem, Canadian, Folk/Rock, DJ, Afternoon, Evening, GEHam_Two, I/III_023",2023,NA
"Orville Peck","Turn to Hate","Pony","_023","Canadian, Folk/Rock, Hits, DJ, Evening, Afternoon, I/III_023",2019,NA
"Pacific Range","Santa Monica (Through the Canyon)","High Upon the Mountain","_023","Hits, Folk/Rock, Drum, DJ, Evening, Ignore, I/III_023",2020,NA
"Pearl Charles","You Can Change","Pearl Charles - EP","_023","SunnyDees, Folk/Rock, Fem, DJ, Evening, I/III_023",2015,NA
"Sam Blasucci","Around the Corner","Off My Stars","_023","Folk/Rock, Rain, DJ, Afternoon, Evening, I/III_023, I/III_047",2023,NA
"Steel Saddle","Free in the Morning","Steel Saddle","_023","Folk/Rock, Canadian, DJ, Evening, I/III_023",2024,NA
"Widowspeak","Plum","Plum","_023","Fem, Folk/Rock, Rain, DJ, Afternoon, Evening, GEHam_Two, I/III_023",2020,NA
"Ada Lea","hurt","one hand on the steering wheel the other sewing a garden","_024","Fem, Canadian, Folk/Rock, Rain, DJ, Afternoon, I/III_024",2021,"Montreal Quebec, Next Door Records"
"Crumb","Crushxd","AMAMA","_024","Fem, DJ, Evening, I/III_024",2024,NA
"Dilly Dally","I Feel Free","Heaven","_024","Canadian, Fem, DJ, Evening, Night, I/III_024",2018,NA
"Francis of Delirium","Real Love","Lighthouse","_024","Canadian, Fem, DJ, Afternoon, I/III_024",2023,NA
"Goat Girl","words fell out","Below the Waste","_024","Folk/Rock, Fem, Rain, DJ, Afternoon, Evening, I/III_024",2024,NA
"Gustaf","Weighing Me Down","Package, Pt. 2","_024","Fem, DJ, Evening, I/III_024",2024,NA
"Honeyglaze","Don't","Real Deal","_024","Hits, Pump, Fem, DJ, Evening, I/III_024",2024,NA
"La Sécurité","Suspens","Stay Safe!","_024","Canadian, Fem, DJ, Evening, I/III_024",2022,NA
"Living Hour","Middle Name","Someday Is Today","_024","Canadian, Fem, DJ, Evening, I/III_024",2022,NA
"No Frills","Copy Cat","Downward Dog","_024","Fem, Canadian, DJ, Afternoon, Evening, I/III_024",2022,NA
"No Windows","Zodiac 13","Point Nemo - EP","_024","Fem, DJ, Evening, Night, I/III_024, I/III_047",2024,NA
"Tebby And The Heavy","Just Sayin'","Just Sayin' - Single","_024","Canadian, Fem, DJ, Evening, Night, I/III_024",2024,NA
"Wombo","Sour Sun","Fairy Rust & Selected Demos","_024","Fem, DJ, Evening, I/III_024",2022,NA
"BBQ Pope","Hey Jay","Sad Reprise EP - EP","_025","Canadian, DJ, Evening, Night, I/III_025",2023,NA
"C Turtle","Melvin Said This","Expensive Thrills","_025","Fem, DJ, Evening, Night, I/III_025",2024,NA
"Cola","Keys Down If You Stay","Keys Down If You Stay - Single","_025","Canadian, DJ, Evening, I/III_025",2023,NA
"Ezra Furman","Calm Down aka I Should Not Be Alone","Twelve Nudes","_025","Fem, Hits, Pump, DJ, Evening, Night, I/III_025",2019,NA
"The Lovely Eggs","Death Grip Kids","Eggsistentialism","_025","Fem, DJ, Evening, Night, I/III_025",2024,NA
"Necking","Big Mouth","Cut Your Teeth","_025","Canadian, Fem, DJ, Evening, I/III_025",2019,NA
"NOBRO","Nobody Knows","Set Your P***y Free","_025","Canadian, Fem, DJ, Evening, I/III_025",2023,NA
"Perennial","Perennial Meets The Wolfman","Art History","_025","DJ, Evening, Night, I/III_025",2024,NA
"Prison Affair","Algo Huele Mal","Split - Single","_025","DJ, Night, I/III_025",2024,NA
"Ratboys","Making Noise for the Ones You Love","The Window","_025","Fem, DJ, Evening, Night, I/III_025",2023,NA
"Real Farmer","The Feeding","Compare What's There","_025","DJ, Evening, I/III_025",2024,NA
"Slow Fiction","Monday","Crush - EP","_025","Fem, DJ, Evening, Night, I/III_025",2024,NA
"The Steves","Nanaimo","To the Band","_025","Canadian, DJ, Evening, Night, I/III_025",2023,NA
"Sunglaciers","Fakes","Regular Nature","_025","Canadian, DJ, Evening, I/III_025",2024,NA
"Tacocat","Crimson Wave","NVM","_025","Hits, SunnyDees, Fem, DJ, Evening, Night, I/III_025",2014,NA
"Tough Age","50 Girls 50","I Get The Feeling Central","_025","SunnyDees, Canadian, Dj, Evening, Night, I/III_025",2015,NA
"Weird Nightmare","Searching for You","Weird Nightmare","_025","Canadian, DJ, Evening, Night, I/III_025",2022,NA
"Wine Lips","Fried IV","Super Mega Ultra","_025","Canadian, DJ, Night, I/III_025",2024,NA
"Alien Nosejob","Split Personality","The Derivative Sounds of... OR... A Dog Always Returns to its Vomit","_026","DJ, Evening, I/III_026",2023,"Victoria Australia, Anti Fade Records & Goner Records"
"Celia's Dream","Velvet","Endless, Nameless - EP","_026","Instrumental, Canadian, DJ, Night, I/III_026",2024,NA
"Dead Ghosts","Jimi's Haze","Hippie Flippin","_026","Canadian, DJ, Evening, I/III_026",2024,NA
"Heaters","Draggin’ Feet","Holy Water Pool","_026","DJ, Evening, Night, I/III_026",2014,NA
"Hot Garbage","Look at My Phone","Precious Dream","_026","Canadian, Fem, DJ, Evening, Night, I/III_026",2024,NA
"The Mad Walls","Who Wants to Die for Religion","Have You Heard the News?","_026","DJ, Evening, I/III_026",2024,NA
"The Moonlight Years","Forever Under","Moonlight Years","_026","Canadian, DJ, Afternoon, Evening, I/III_026",2023,NA
"Possum","Ice Cream","Space Grade Assembly","_026","Canadian, DJ, Evening, I/III_026, I/III_047",2019,NA
"Raeburn","Don't Need That","Don't Need That - Single","_026","Canadian, DJ, Evening, Night, I/III_026",2024,NA
"Straight Arrows","Don't Shoot Me","Surface World","_026","DJ, Evening, I/III_026",2024,NA
"STRANGE LOT","We Belong","MindStatE","_026","DJ, Evening, Night, I/III_026",2020,NA
"Vypers","Made of Stone","Champion 100 - EP","_026","Canadian, DJ, Evening, Night, I/III_026",2018,NA
"White Fence","Anger! Who Keeps You Under?","...For The Recently Found Innocent","_026","SunnyDees, DJ, Evening, I/III_026",2014,NA
"Wooden Shjips","Ghouls","Back to Land (Deluxe Version)","_026","DJ, Night, I/III_026",2013,NA
"Color Green","God In A $","Fool’s Parade","_027","Folk/Rock, DJ, Evening, I/III_027",2024,NA
"Daniel Romano","Still Dreaming (feat. The Outfit)","Cobra Poems (feat. The Outfit)","_027","Folk/Rock, Canadian, DJ, Evening, I/III_027",2021,NA
"Fruit Bats","Canyon Girl","Spelled In Bones","_027","Hits, Folk/Rock, DJ, Evening, I/III_027",2005,NA
"John Andrews & The Yawns","Painting a Picture","Bad Posture","_027","Folk/Rock, Rain, DJ, Afternoon, I/III_027, I/III_047",2017,NA
"Julianna Riolino","Lone Ranger","All Blue","_027","Folk/Rock, Fem, Canadian, DJ, Evening, I/III_027",2022,NA
"Kacy & Clayton & Marlon Williams","Isn’t It","Plastic Bouquet","_027","Fem, Canadian, Folk/Rock, Rain, DJ, Afternoon, Evening, I/III_027",2020,NA
"levitation room","Here Comes the Man","Headspace","_027","Folk/Rock, DJ, Afternoon, Evening, I/III_027",2019,NA
"Plain Jade","Keep It Underground","Arthur's Debt","_027","Folk/Rock, Canadian, DJ, Evening, I/III_027",2024,NA
"Rosali","My Kind","Bite Down","_027","Folk/Rock, Fem, Hits, Pump, DJ, Evening, I/III_027",2024,NA
"Skinny Dyck","Can't Change the Colour of Your Eyes","Can't Change the Colour of Your Eyes - Single","_027","Canadian, Folk/Rock, DJ, Afternoon, Evening, I/III_027",2024,NA
"Steel Saddle","Steel Saddle","Steel Saddle","_027","Folk/Rock, Canadian, DJ, Evening, I/III_027",2024,NA
"Tess Parks","Koalas","Pomegranate","_027","Folk/Rock, Fem, Canadian, DJ, Afternoon, Evening, I/III_027",2024,NA
"Vetiver","Standin'","Thing Of The Past","_027","Hits, Folk/Rock, DJ, Evening, I/III_027",2008,NA
"Wednesday","Chosen to Deserve","Rat Saw God","_027","Fem, Folk/Rock, DJ, Evening, I/III_027",2023,NA
"Colliding Canyons","K2-141b","Collapse The Chronosphere","_028","Canadian, DJ, Evening, Night, Instrumental, I/III_028",2023,NA
"Deradoorian","It Was Me","Find the Sun","_028","Fem, DJ, Evening, I/III_028",2020,NA
"Föllakzoid","Trees","II","_028","DJ, Night, I/III_028",2013,NA
"Moon Duo","Sleepwalker","Circles","_028","DJ, Night, I/III_028",2012,"Sacred Bones Records. SBR-083"
"OMBIIGIZI","Yaweh","Sewn Back Together","_028","Canadian, DJ, Afternoon, I/III_028",2022,NA
"A Place to Bury Strangers","I Don't Know How You Do It","See Through You","_028","Hits, Drum, Pump, DJ, Night, Evening, Ignore, I/III_028",2022,NA
"Population II","Orlando","Électrons libres du québec","_028","Canadian, DJ, Evening, Night, I/III_028",2023,NA
"The Radiation Flowers","Seventeen","Radiation Flowers","_028","Fem, Canadian, DJ, Evening, I/III_028",2016,NA
"Sam Jr.","You Lock The Door I Broke The Window","Sam Jr.","_028","Canadian, DJ, Evening, Night, I/III_028",2022,NA
"Somesurprises","Be Reasonable","Perseids","_028","DJ, Evening, I/III_028",2024,NA
"Frankie & The Witch Fingers","Empire","Data Doom","_029","Hits, DJ, Evening, Night, Drum, Pump, I/III_029",2023,NA
"King Gizzard & The Lizard Wizard","Robot Stop","Nonagon Infinity","_029","Hits, SunnyDees, DJ, Night , I/III_029",2016,NA
"Lightning Dust","I Knew","Infinite Light","_029","Canadian, Fem, DJ, Evening, Night, GEHam_Zero , I/III_029",2009,NA
"Minami Deutsch","Your Pulse","Fortune Goodies","_029","Rain, DJ, Evening, Night , I/III_029",2022,NA
"Psychedelic Porn Crumpets","Tally - Ho","Shyga! the Sunlight Mound","_029","DJ, Evening, Night , I/III_029",2020,NA
"Rick White","Wizardry","De-Evolution","_029","Canadian, DJ, Evening, Night , I/III_029",2023,NA
"Runway","Slower Egypt","Runway","_029","Canadian, DJ, Evening, Night, Instrumental , I/III_029",2023,NA
"Ty Segall","Void","Three Bells","_029","DJ, Evening , I/III_029",2023,NA
"Yoo Doo Right","1N914","Don't Think You Can Escape Your Purpose","_029","Canadian, DJ, Night, Instrumental , I/III_029",2021,NA
"DOOM GONG","Still Hoverin'","DOOM GONG","_030","DJ, Afternoon, Evening, I/III_030",2023,NA
"DTSQ","Please Be Satisfied","Moon Juice and Space Biscuits","_030","Hits, DJ, Afternoon, Evening, Night , I/III_030",2020,NA
"Elephant Stone","Love is Like a Spinning Wheel","Ship of Fools","_030","Canadian, DJ, Evening, I/III_030",2016,NA
"Jacco Gardner","The Ballad Of Little Jane","Cabinet Of Curiosities","_030","SunnyDees, Rain, DJ, Afternoon, I/III_030",2013,NA
"Jon McKiel","Object Permanence","Bobby Joe Hope","_030","DJ, Afternoon, Evening, Canadian, CanWav_One, I/III_030",2020,NA
"King Gizzard & The Lizard Wizard","Yours","Butterfly 3000","_030","DJ, Evening, Night, I/III_030",2021,NA
"Misty Lanes","Would You Believe?","Colourless Green Ideas","_030","DJ, Afternoon, Evening, Instrumental, I/III_030",2024,NA
"Mother Sun","Train of Thought","Train of Thought","_030","Canadian, DJ, Afternoon, Evening, I/III_030",2022,NA
"Mother Tongues","Worm Day","Love in a Vicious Way","_030","Canadian, Fem, DJ, Afternoon, Evening, I/III_030",2023,NA
"Pond","Neon River","Stung!","_030","DJ, Evening, I/III_030",2024,NA
"Raeburn","Friends","Bongo Dracula","_030","Canadian, DJ, Evening, CanWav_Two, I/III_030",2019,NA
"Snake River","I'll Take You To Another Side","I'll Take You To Another Side - Single","_030","Canadian, DJ, Evening, I/III_030",2024,NA
"Alien Nosejob","Trapped in Time","Turns the Colour of Bad Shit","_031","DJ, Night, I/III_031",2024,"Victoria Australia, Anti Fade Records & Total Punk"
"Apollo Ghosts","Soft American","Pink Tiger","_031","Canadian, DJ, Evening, I/III_031",2022,"Vancouver British Columbia, You've Changed Records"
"The BB Guns","Mexico","Bang - EP","_031","Fem, Canadian, DJ, Evening, I/III_031",2014,NA
"Daniel Romano & The Outfit","Field of Ruins","Too Hot To Sleep","_031","Canadian, DJ, Evening, I/III_031",2024,NA
"Demon's Claws","Last Time At the Pool","The Defrosting Of","_031","Canadian, DJ, Evening, Night, I/III_031",2010,NA
"The Electric Peanut Butter Company","Go Go Go","Trans-Atlantic Psych Classics, Vol. 1","_031","DJ, Evening, I/III_031",2015,NA
"GHOSTWOMAN","The End of a Gun","Anne, If","_031","Hits, Canadian, DJ, Evening, Night, Drum, I/III_031, I/III_047",2020,NA
"Habibi","Do You Want Me Now","Dreamachine","_031","Fem, DJ, Afternoon, Evening, I/III_031",2024,NA
"Michael Rault","All Alone (On My Own)","Living Daylight","_031","Hits, SunnyDees, Canadian, DJ, Evening, Drum, Ignore, I/III_031",2015,NA
"The Mystery Lights","Mighty Fine & All Mine","Purgatory","_031","DJ, Evening, Throw, I/III_031",2024,NA
"Parsnip","The Light","Behold","_031","Fem, DJ, Evening, I/III_031",2024,NA
"Shadow Show","Mystic Spiral","Fantasy Now!","_031","Fem, DJ, Evening, I/III_031",2023,NA
"SHAKING HANDS","Can't Help Myself","Flowers/Can't Help Myself","_031","Hits, SunnyDees, Canadian, DJ, Night, I/III_031",2015,NA
"Shannon & The Clams","Runaway","Dreams in the Rat House","_031","Hits, SunnyDees, Fem, DJ, Evening, Night, Pump, I/III_031",2013,NA
"Sheer Mag","Just Can't Get Enough","Need to Feel Your Love","_031","Fem, DJ, Evening, I/III_031",2017,NA
"The Steves","To the Band","To the Band","_031","Canadian, DJ, Night, I/III_031",2023,NA
"Straight Arrows","Peakin","Surface World","_031","DJ, Evening, I/III_031",2024,NA
"Wine Lips","Dead Beat","Wine Lips","_031","Hits, Canadian, DJ, Night, I/III_031",2017,NA
"Baby Cool","Magic","Earthling on the Road to Self Love","_032","Fem, DJ, Evening, Night, I/III_032",2022,"Brisbane Australia, Greenway & Reverberation Appreciation Society"
"Hot Garbage","Dome","Coco's Paradise - EP","_032","Fem, Canadian, DJ, Evening, Night, I/III_032",2019,NA
"The John Denver Airport Conspiracy","Jeff Bezos Actually Works For Me","Something's Gotta Give !","_032","Canadian, DJ, Evening, I/III_032",2021,NA
"Les Big Byrd","Diamonds, Rhinestones and Hard Rain","Diamonds, Rhinestones and Hard Rain (Deluxe Edition)","_032","DJ, Evening, I/III_032",2024,NA
"Mmoss","Spoiled Sun","Only Children","_032","SunnyDees, DJ, Night, I/III_032",2012,NA
"Mother Tongues","Love in a Vicious Way","Love in a Vicious Way","_032","Canadian, Fem, DJ, Afternoon, Evening, I/III_032",2023,NA
"Population II","R.B.","Serpent Échelle - EP","_032","Canadian, DJ, Evening, Night, I/III_032",2024,NA
"The Radiation Flowers","Colours","Summer Loop","_032","Fem, Canadian, DJ, Evening, I/III_032",2017,NA
"Sam Jr.","Sweet Face (feat. Tess Parks)","Sam Jr.","_032","Canadian, DJ, Evening, Night, I/III_032",2022,NA
"Trees Speak","Seventh Mirror","Vertigo of Flaws: Emancipation of the Dissonance and Temperaments in Irrational Waveforms","_032","DJ, Afternoon, Evening, I/III_032",2021,NA
"The Welly Welly Wells","Decapitator","Decapitator - Single","_032","Rain, DJ, Afternoon, Evening, I/III_032",2024,NA
"The BB Guns","Mystery Girl","Bang - EP","_033","Fem, Canadian, DJ, Evening, I/III_033",2014,NA
"Dead Ghosts","That Old Feeling","Can't Get No","_033","Hits, SunnyDees, Canadian, Drum, DJ, Evening, Night, Ignore, I/III_033",2013,NA
"Human Interest","Wearing Faces","Smile While You're Losing - EP","_033","DJ, Evening, I/III_033",2024,NA
"Ichi-Bons","Snake Eyes","Snake Eyes - Single","_033","Canadian, DJ, Evening, Instrumental, I/III_033",2024,NA
"Invasions","Cursed Comfort","Invasions","_033","Canadian, DJ, Afternoon, Evening, I/III_033",2013,NA
"Motorists","Turn It Around","Surrounded","_033","Canadian, DJ, Evening, CanWav_Two, I/III_033",2021,NA
"Private Lives","All the Queen's Men","Hit Record","_033","Canadian, Fem, DJ, Evening, CanWav_Two, I/III_033",2023,NA
"The Shivas","Cold Blooded","Can't Stop Coming Around","_033","Fem, DJ, Evening, I/III_033",2024,NA
"Straight Arrows","Summer Skies","Surface World","_033","DJ, Afternoon, Evening, I/III_033",2024,NA
"STRANGE LOT","Such a Feeling","MindStatE","_033","DJ, Evening, I/III_033",2019,NA
"Windows","Wanted to Know","Raindrops on the Open Road (Rotor) - EP","_033","DJ, Evening, I/III_033",2024,NA
"Being Dead","Firefighters","EELS","_034","DJ, Evening, I/III_034",2024,NA
"Dumb","Quarter Stereo","Pray 4 Tomorrow","_034","Canadian, DJ, Evening, I/III_034",2022,NA
"Garbo's Daughter","Nice Girls Don't Explode","Party Platter","_034","Fem, SunnyDees, DJ, Evening, I/III_034",2010,", Floridas Dying"
"King Tuff","Headbanger","Black Moon Spell","_034","SunnyDees, DJ, Evening, I/III_034",2014,"© 2014 Sub Pop Records"
"Nancy","I Hate Rock and Roll","English Leather","_034","DJ, Evening, Night, I/III_034",2022,NA
"Necking","No Playtime","Cut Your Teeth","_034","Canadian, DJ, Evening, I/III_034",2019,NA
"Perennial","Tiger Technique","Art History","_034","DJ, Evening, I/III_034",2024,NA
"Priors","Daffodil","Daffodil","_034","Canadian, DJ, Evening, I/III_034",2023,NA
"Shunk","Goblin","Goblin - Single","_034","Canadian, Fem, DJ, Evening, I/III_034",2024,NA
"Sunglaciers","Kafka","Regular Nature","_034","Canadian, DJ, Evening, Night, I/III_034",2024,NA
"Tacocat","Bridge to Hawaii","NVM","_034","Hits, SunnyDees, Fem, DJ, Evening, Night, I/III_034",2014,NA
"Tough Age","Sea of White","Tough Age","_034","SunnyDees, Canadian, DJ, Evening, I/III_034",2013,NA
"The Umbrellas","Games","Fairweather Friend","_034","Fem, DJ, Evening, I/III_034",2024,NA
"Wine Lips","High on Your Own Supply","Super Mega Ultra","_034","Canadian, DJ, Night, I/III_034",2024,NA
"Alix Fernz","Double face","Bizou","_035","DJ, Evening, Night, I/III_035",2024,"Montreal Quebec, Mothland"
"BRAIDS","Evolution","Euphoric Recall","_035","Canadian, Fem, DJ, Afternoon, I/III_035",2023,NA
"Caribou","After Hours","Andorra","_035","Canadian, DJ, Evening, Night, I/III_035",2007,NA
"Chad VanGaalen","TMNT Mask","Soft Airplane","_035","Canadian, DJ, Afternoon, I/III_035",2008,NA
"Ghostkeeper","Phantom","Cîpayak Joy","_035","Canadian, DJ, Evening, I/III_035",2024,NA
"GIFT","Light Runner","Illuminator","_035","DJ, Evening, I/III_035",2024,NA
"Hand Habits","More Than Love","Fun House","_035","Fem, Rain, DJ, Afternoon, Evening, I/III_035",2021,NA
"Here We Go Magic","I Believe In Action","A Different Ship","_035","DJ, Evening, Night, I/III_035",2012,NA
"A Place to Bury Strangers","Love Reaches Out","See Through You","_035","Fem, DJ, Afternoon, Evening, I/III_035",2022,NA
"Public Display of Affection","Right In Front Of Me (feat. Alexander Alien)","Right In Front Of Me (feat. Alexander Alien) - Single","_035","Fem, DJ, Afternoon, Evening, I/III_035",2024,NA
"Trees Speak","Ultraviolet","Vertigo of Flaws: Emancipation of the Dissonance and Temperaments in Irrational Waveforms","_035","DJ, Evening, Night, Instrumental, I/III_035",2021,NA
"The Weather Station","Moonlight","Moonlight - Single","_035","Fem, Canadian, Rain, DJ, Afternoon, Evening, I/III_035",2024,NA
"Being Dead","Muriel’s Big Day Off","When Horses Would Run","_036","Fem, DJ, Afternoon, Evening, I/III_036",2023,NA
"Buffalo Electric","Road to Bali","Snake Oil Remedies","_036","Hits, SunnyDees, Rain, DJ, Afternoon, Evening, I/III_036",2013,NA
"Chains Of Love","Breaking My Heart","In Between / Breaking My Heart","_036","SunnyDees, Canadian, Fem, DJ, Evening, I/III_036",2011,NA
"Dead Ghosts","B.A.D.","Can't Get No","_036","SunnyDees, Canadian, DJ, Night, I/III_036",2013,NA
"Demon's Claws","Catch Her By the Tail","The Defrosting Of","_036","Canadian, DJ, Evening, I/III_036",2010,NA
"Heaters","Levitate Thigh","Mean Green 7"" - Single","_036","DJ, Evening, Night, I/III_036",2015,NA
"The King Khan & BBQ Show","Waddlin' Around","The King Khan & BBQ Show","_036","Hits, DJ, Night, I/III_036",2005,NA
"Lael Neale","Blue Vein","Acquainted with Night","_036","Fem, Folk/Rock, Rain, DJ, Afternoon, I/III_036",2021,NA
"Milk Lines","Pellucidar","Ceramic","_036","Canadian, Throw, DJ, Evening, I/III_036",2015,NA
"Nick Waterhouse","Some Place","Time's All Gone","_036","Hits, SunnyDees, DJ, Evening, Night, Throw, I/III_036",2012,NA
"Night Beats","Hex","The UFO Club / Night Beats","_036","Hits, DJ, Night, Pump, I/III_036",2011,NA
"Night Lunch","Fantastic","Night Lunch","_036","Canadian, Fem, DJ, Afternoon, GEHam_Zero, CanWav_Two, I/III_036",2018,NA
"Physical Congas","Oh No!","Oh No! - Single","_036","Canadian, DJ, Afternoon, Evening, I/III_036",2023,NA
"Shannon & The Clams","Sleep Talk","Sleep Talk","_036","Hits, SunnyDees, Fem, DJ, Evening, Night, I/III_036",2011,NA
"Shirley & The Pyramids","Past Lives (Live)","A New American Classic - EP","_036","Hits, Canadian, Drum, DJ, Night, Live, Ignore, I/III_036",2019,NA
"Thee Oh Sees","Corrupt Coffin","Thee Oh Sees / Total Control Split","_036","Hits, DJ, Night, I/III_036",2011,NA
"Black Mountain","Stormy High","In The Future","_037","Canadian, DJ, Night, I/III_037",2007,NA
"Black Thunder","Good Batch","Good Batch","_037","Canadian, DJ, Night, I/III_037",2024,NA
"Blume","Rush","Inner Vision","_037","Canadian, DJ, Evening, Night, I/III_037",2023,NA
"Hooveriii","Hang Em High","Water for the Frogs","_037","DJ, Evening, Night, I/III_037",2021,NA
"J.R.C.G.","Lowrider","Ajo Sunshine","_037","DJ, Night, I/III_037",2021,NA
"Psychedelic Porn Crumpets","Bob Holiday","Night Gnomes","_037","DJ, Evening, Night, I/III_037, Picked",2022,NA
"Rick White","Your Tree Has No Roots","De-Evolution","_037","Canadian, DJ, Night, I/III_037",2023,NA
"Runway","Hogans Outback","Runway","_037","Canadian, DJ, Evening, Night, Instrumental, I/III_037",2023,NA
"Sacred Buzz","Radio Radiation","Radio Radiation / Rebel Machine - Single","_037","DJ, Evening, I/III_037",2024,NA
"Ty Segall","My Best Friend","Three Bells","_037","DJ, Evening, I/III_037",2024,NA
"Breanna Barbara","Nothin' but Time","Nothin' but Time","_038","Hits, Fem, DJ, Afternoon, Evening, Drum, I/III_038",2022,NA
"Dopey's Robe","Semperfi","Velvet Skinner","_038","Canadian, DJ, Evening, Night, I/III_038",2020,NA
"GHOSTWOMAN","All the Time","Ghost Woman","_038","Canadian, DJ, Afternoon, Evening, Drum, Ignore, I/III_038",2022,NA
"The John Denver Airport Conspiracy","2000 November","Something's Gotta Give !","_038","Canadian, DJ, Evening, Night, CanWav003, I/III_038",2021,NA
"levitation room","Scene for an Exit","Strange Weather","_038","DJ, Evening, I/III_038",2023,NA
"Mr. Elevator","When the Morning Greets You","When the Morning Greets You","_038","SunnyDees, DJ, Evening, Night, I/III_038",2016,NA
"The Mystery Lights","What Happens When","The Mystery Lights","_038","Hits, SunnyDees, DJ, Night, I/III_038",2016,NA
"Night Beats","Love Ain't Strange (Everything Else Is)","Sonic Bloom","_038","Hits, SunnyDees, DJ, Night, Drum, Pump, Throw, Ignore, I/III_038",2013,"RVRB-013. Released by The Reverberation Appreciation Society on September 24, 2013. Available for purchase on http://www.austinpsychfest.com"
"Parsnip","Turn to Love","Behold","_038","Fem, DJ, Evening, Afternoon, I/III_038",2024,NA
"ROY","I'm Not Afraid","Roy's Garage","_038","Canadian, DJ, Evening, I/III_038, Picked",2021,NA
"Vypers","Deepsave","Champion 100 - EP","_038","Canadian, DJ, Evening, Night, I/III_038",2018,NA
"Wine Lips","Lemon Party","Super Mega Ultra","_038","Canadian, DJ, Evening, Instrumental, I/III_038",2024,NA
"Anna St. Louis","Farther Away","Farther Away - Single","_039","Folk/Rock, Fem, Rain, DJ, Afternoon, I/III_039",2024,"Los Angles California, Woodsist"
"Charlsey Miller","Boo Hoo","Boo Hoo - Single","_039","Fem, DJ, Afternoon, Folk/Rock, I/III_039",2024,NA
"Eliza Niemi","Leave Me","Staying Mellow Blows","_039","Fem, Folk/Rock, Canadian, DJ, Afternoon, Evening, I/III_039",2022,NA
"First Aid Kit","Emmylou","The Lion's Roar","_039","Hits, Folk/Rock, Fem, Drum, DJ, Afternoon, Ignore, I/III_039",2012,NA
"Kate Maki","Shine On My Mind","Moonshine","_039","Folk/Rock, Canadian, Fem, DJ, Afternoon, I/III_039",2011,NA
"King Cuddy","Toronto","Self-Titled","_039","Folk/Rock, Canadian, DJ, Afternoon, I/III_039",2016,NA
"Orville Peck","Dead of Night","Pony","_039","Canadian, Rain, Folk/Rock, DJ, Afternoon, CanWav_One, I/III_039",2019,NA
"Pacific Range","Swap Meet","High Upon the Mountain","_039","Folk/Rock, DJ, Evening, I/III_039",2020,NA
"Rose City Band","Only Lonely","Summerlong","_039","Folk/Rock, DJ, Afternoon, I/III_039",2020,NA
"Steel Saddle","Can’t Be Satisfied","Steel Saddle","_039","Canadian, Rain, DJ, Afternoon, Evening, Folk/Rock, I/III_039",2024,NA
"Stewart Forgey","Look For the Truth","Nature of the Universe","_039","Folk/Rock, DJ, Afternoon, Evening, I/III_039",2024,NA
"Waxahatchee","Much Ado About Nothing","Much Ado About Nothing - Single","_039","Fem, Folk/Rock, DJ, Afternoon, I/III_039",2024,NA
"Alvvays","Bored In Bristol","Blue Rev","_040","Fem, Canadian, DJ, Evening, CanWav_One, I/III_040",2022,"Toronto Ontario, Transgressive Records & Polyvinyl"
"deary","Selene","Selene - Single","_040","Fem, Rain, DJ, Afternoon, Evening, I/III_040",2024,NA
"Lionlimb","Hurricane","Limbo","_040","DJ, Evening, I/III_040",2024,NA
"Memoryhouse","The Kids Were Wrong","The Slideshow Effect","_040","Hits, Canadian, Fem, DJ, Evening, I/III_040",2012,NA
"Moon Panda","Meteorites","What on Earth","_040","Fem, DJ, Afternoon, I/III_040",2022,NA
"Mother Sun","Marbles","Meadow 6","_040","Canadian, Rain, DJ, Afternoon, Evening, I/III_040",2021,"Kamloops, Earth Libraries"
"Mother Tongues","Drip Drip","Love in a Vicious Way","_040","Canadian, Fem, DJ, Afternoon, I/III_040",2023,NA
"Night Lunch","Damien","Wall of Love","_040","Canadian, Fem, DJ, Afternoon, I/III_040",2020,NA
"Peel Dream Magazine","Oblast","Rose Main Reading Room","_040","DJ, Afternoon, Evening, I/III_040",2024,NA
"The Soundcarriers","Already Over","Already Over - Single","_040","Fem, DJ, Evening, I/III_040",2024,NA
"Sunglaciers","Out of My Skull","Subterranea","_040","Canadian, DJ, Evening, Night, I/III_040",2022,NA
"Torrey","No Matter How","Torrey","_040","Fem, Rain, DJ, Evening, I/III_040",2024,NA
"Uh Huh","Somewhere Beyond","Uh Huh","_040","Canadian, DJ, Afternoon, I/III_040",2022,NA
"7ebra","I Have a Lot to Say","Bird Hour","_040","Hits, Fem, DJ, Afternoon, Evening, GEHam_Zero, I/III_040",2023,NA
"Caleb Landry Jones","Masandoia","Hey Gary, Hey Dawn","_041","Folk/Rock, DJ, Evening, I/III_041",2024,NA
"Color Green","Warbling Sky","Color Green","_041","Folk/Rock, Rain, DJ, Afternoon, Evening, GEHam_Two, I/III_041, Picked",2022,NA
"Faux Ferocious","Chase the Dream","Pretty Groovy","_041","Hits, DJ, Afternoon, Evening, Folk/Rock, Drum, I/III_041",2019,NA
"Garrett T. Capps","Ouray (feat. NASA Country)","Ouray (feat. NASA Country) - Single","_041","Folk/Rock, DJ, Evening, I/III_041",2024,NA
"The Moonlight Years","That Way","Moonlight Years","_041","Folk/Rock, Rain, Canadian, DJ, Afternoon, Evening, I/III_041",2022,NA
"Plain Jade","You Bleed The","Arthur's Debt","_041","Folk/Rock, Canadian, DJ, Evening, I/III_041",2024,NA
"Rick White & The Sadies","Here In My Body","Rick White and the Sadies","_041","Folk/Rock, Canadian, DJ, Evening, I/III_041",2024,NA
"The Royal Family","I Am the Wind","The Royal Family","_041","Folk/Rock, Canadian, DJ, Afternoon, I/III_041",2023,NA
"Snake River","(I've Got a) Problem of My Own","Lost Album","_041","Folk/Rock, DJ, Evening, Night, Canadian, I/III_041",2021,NA
"Thee Oh Sees","Memory of a Cut Off Head","Memory of a Cut Off Head","_041","SunnyDees, Folk/Rock, Fem, Rain, DJ, Afternoon, I/III_041",2017,NA
"The BB Guns","Bang","Bang - EP","_042","I/III_042, Fem, Canadian, DJ, Evening",2014,NA
"The Beets","Now I Live","Let the Poison Out","_042","I/III_042, DJ, Afternoon, Evening",2011,NA
"Buffalo Electric","No Time But Now","Snake Oil Remedies","_042","I/III_042, Hits, SunnyDees, DJ, Evening, Night",2013,NA
"Chains Of Love","Lies Lies Lies","Strange Grey Days","_042","I/III_042, Hits, SunnyDees, Canadian, Fem, DJ, Evening",2012,NA
"Dead Ghosts","Rat Race","Love And Death And All The Rest","_042","I/III_042, Hits, SunnyDees, Canadian, DJ, Night",2015,NA
"The Definitelays","Sunday Afternoon","Becky Goes to Wreck Beach - EP","_042","I/III_042, Canadian, Fem, DJ, Afternoon, Evening",2019,NA
"Demon's Claws","Mona's Lunch","The Defrosting Of","_042","I/III_042, Canadian, DJ, Evening",2010,NA
"The Limiñanas","Migas 2000","I'm Dead / Migas 2000 - Single","_042","I/III_042, Hits, Fem, Drum, DJ, Evening, Ignore",2010,NA
"The Mad Walls","Somewhere Anywhere","Somewhere Anywhere - EP","_042","I/III_042, SunnyDees, DJ, Evening, Night, Picked",2017,NA
"Milk Lines","Lucille","Ceramic","_042","I/III_042, Canadian, Folk/Rock, DJ, Evening",2015,NA
"Night Beats","Little War In The Midwest","Night Beats","_042","I/III_042, Hits, SunnyDees, DJ, Night",2011,NA
"The Okmoniks","Next Worse Thing","Afterparty Fever!!!","_042","I/III_042, Fem, DJ, Evening, Night",2024,NA
"Psychic Void","Internet Human","Skeleton Paradise","_042","I/III_042, Canadian, DJ, Night",2019,NA
"ROY","In the Garden Defeated","Roy's Garage","_042","I/III_042, Canadian, DJ, Afternoon, CanWav_Two",2021,NA
"Shannon & The Clams","The Cult Song","Sleep Talk","_042","I/III_042, SunnyDees, Fem, DJ, Night, Hits",2011,NA
"Shirley & The Pyramids","Past Lives","Shirley & the Pyramids","_042","I/III_042, DJ, Night",2016,NA
"The Spyrals","Tell All the World","Out of Sight","_042","I/III_042, DJ, Evening",2013,NA
"Straight Arrows","Fast Product","Fast Product - Single","_042","I/III_042, DJ, Evening",2023,NA
"Alien Nosejob","Living on a Crust","Turns the Colour of Bad Shit","_043","I/III_043, DJ, Evening, Night",2024,"Victoria Australia, Anti Fade Records & Total Punk"
"blind commentary","Frail","Frail - Single","_043","I/III_043, Canadian, DJ, Evening",2023,NA
"Bored Décor","No Love in Romance","The Colour Red","_043","I/III_043, Canadian, DJ, Evening, Night",2018,NA
"Feeling Figures","Movement","Migration Magic","_043","I/III_043, Canadian, DJ, Evening, Night",2023,NA
"Ghostkeeper","Well, Well, Well","Ghostkeeper","_043","I/III_043, Hits, Canadian, DJ, Night, GEHam_One",2010,"Flemish Eye"
"Gustaf","Statue","Package, Pt. 2","_043","I/III_043, Fem, DJ, Evening",2024,NA
"Hooded Fang","Wasteland","Gravez","_043","I/III_043, Hits, SunnyDees, Canadian, DJ, Evening, Night",2013,NA
"Motorists","The Folded Plan","Touched by the Stuff","_043","I/III_043, Canadian, DJ, Evening",2024,NA
"NOBRO","Not Myself","Live Your Truth Shred Some Gnar","_043","I/III_043, Fem, Canadian, DJ, Evening",2022,NA
"Parquet Courts","Almost Had to Start a Fight / In and Out of Patience","Wide Awake!","_043","I/III_043, Hits, DJ, Evening, Drum, Pump",2018,NA
"Public Display of Affection","Artificial Paradise","I Still Care","_043","I/III_043, Fem, DJ, Afternoon",2022,NA
"Real Farmer","I Can't Run","Compare What's There","_043","I/III_043, DJ, Afternoon, Evening",2024,NA
"Rearranged Face","A Flock of Seagulls","Far Green Arcade","_043","I/III_043, DJ, Evening",2024,NA
"Tacocat","Alien Girl","NVM","_043","I/III_043, SunnyDees, Fem, DJ, Evening",2014,NA
"Tijuana Panthers","Cherry Street","Wayne Interest","_043","I/III_043, SunnyDees, DJ, Evening",2014,NA
"Vypers","Stay","Vypers","_043","I/III_043, Canadian, DJ, Night",2024,NA
"Bart","Turncoat","Some Kind of Way","_044","I/III_044, Hits, Canadian, DJ, Evening",2023,NA
"fantasy of a broken heart","Ur Heart Stops","Follow Your Captain - EP","_044","I/III_044, DJ, Evening",2024,NA
"Francis of Delirium","Give It Back to Me","Lighthouse","_044","I/III_044, Canadian, Fem, Rain, Hits, DJ, Afternoon, Evening",2024,NA
"Frog Eyes","Bushels","Tears Of The Valedictorian","_044","I/III_044, Canadian, DJ, Night",2007,NA
"Girl and Girl","The Cow","The Cow - Single","_044","I/III_044, DJ, Evening",2024,NA
"Gut Health","Uh oh","Stiletto","_044","I/III_044, Fem, DJ, Evening",2024,NA
"jog","Plight Sound","EP 01 - Single","_044","I/III_044, Canadian, DJ, Evening",2024,NA
"Kairos Creature Club","Kevlar","Join The Club","_044","I/III_044, Fem, DJ, Evening, Night",2020,NA
"La Sécurité","Detour","Ketchup / Detour - Single","_044","I/III_044, Fem, Canadian, DJ, Evening",2025,NA
"Sunfruits","Feeling Fine","One Degree","_044","I/III_044, DJ, Evening",2023,NA
"Twin Voices","Open Arms","Sing To Me EP","_044","I/III_044, Hits, Canadian, Fem, DJ, Evening, Night",2014,NA
"Beach Body","Commons","Count Every Bird","_045","I/III_045, Canadian, DJ, Afternoon, Evening",2024,NA
"Beach House","Heart Of Chambers","Devotion","_045","I/III_045, Fem, Rain, DJ, Afternoon",2008,NA
"Chastity Belt","Different Now","I Used to Spend So Much Time Alone","_045","I/III_045, Fem, DJ, Evening, Night",2017,NA
"Cindy Lee","Golden Microphone","Diamond Jubilee","_045","I/III_045, Canadian, DJ, Afternoon, Evening",2024,NA
"Constant Smiles","Here and Gone","Kenneth Anger","_045","I/III_045, Rain, DJ, Evening",2023,NA
"Corridor","Pow","Junior","_045","I/III_045, Canadian, DJ, Evening, Night",2019,NA
"DAIISTAR","Purified","Good Time","_045","I/III_045, DJ, Afternoon",2023,NA
"Diamond Day","Summerland","Connect The Dots","_045","I/III_045, Fem, Canadian, DJ, Afternoon, Evening",2024,NA
"Nice Biscuit","Desolation","SOS","_045","I/III_045, Fem, DJ, Afternoon, Evening",2024,NA
"PACKS","Pearly Whites","Melt the Honey","_045","I/III_045, Fem, Canadian, Rain, DJ, Afternoon, Evening",2024,NA
"sweet93","what's true?","what's true? - Single","_045","I/III_045, Fem, DJ, Afternoon, Evening",2024,NA
"Virgo Rising","Tristan","Vampyre Year - EP","_045","I/III_045, Canadian, Fem, DJ, Evening",2023,NA
"Babe Rainbow","Johny Says Stay Cool","The Babe Rainbow","_046","I/III_046, Hits, Drum, Pump, DJ, Afternoon, Evening, Ignore",2017,"Byron Bay Australia, Flightless"
"Chains Of Love","In Between","In Between / Breaking My Heart","_046","I/III_046, Hits, SunnyDees, Canadian, Fem, DJ, Evening, Night, CanWav_Two",2011,NA
"Dead Ghosts","Flower Pot","Hippie Flippin","_046","I/III_046, Canadian, DJ, Evening",2024,NA
"Frankie & The Witch Fingers","Learnings of the Light","Brain Telephone","_046","I/III_046, SunnyDees, Hits, DJ, Evening",2017,NA
"The Garrys","Ambrosia Salad","Get Thee to a Nunnery","_046","I/III_046, Fem, Canadian, DJ, Evening, CanWav_Two",2021,NA
"Hooded Fang","Clap","Tosta Mista","_046","I/III_046, Hits, SunnyDees, Canadian, DJ, Evening",2011,"D. Lee"
"Ichi-Bons","Ich-I-Bon #1","Ich-I-Bon #1 - EP","_046","I/III_046, Canadian, Throw, DJ, Evening, Instrumental",2023,NA
"Invasions","Rosy","Invasions","_046","I/III_046, Canadian, DJ, Afternoon, Evening",2013,NA
"La Sera","Never Come Around","La Sera","_046","I/III_046, Hits, SunnyDees, Throw, Fem, DJ, Evening",2011,NA
"Las Rosas","Black Cherry","Everyone Gets Exactly What They Want","_046","I/III_046, DJ, Evening",2017,NA
"levitation room","Warmth of the Sun","Warmth of the Sun - Single","_046","I/III_046, Hits, DJ, Evening, Night, Drum, Ignore",2018,NA
"SEND MEDICINE","Corduroy","Mermaids on the Verandah","_046","I/III_046, DJ, Evening",2018,NA
"Tennis","Seafarer","Cape Dory","_046","I/III_046, Hits, SunnyDees, Fem, DJ, Evening, Drum, Pump, Throw, Ignore",2011,NA
"Wut","Your Feelings","Mingling with the Thorns","_046","I/III_046, Canadian, Fem, DJ, Evening",2024,NA
"Big Evil Rat","Shutdown","LIVE AT CJSW","_048","Canadian, DJ, Evening, Night, I/III_048",2024,NA
"Brian Cuddy","DTB I","Burning Light","_048","Canadian, DJ, Evening, Night, I/III_048",2024,NA
"Corridor","Domino","Junior","_048","Canadian, DJ, Evening, Night, I/III_048",2019,NA
"Damaged Bug","Sold America","Bug On Yonkers","_048","Hits, DJ, Night, I/III_048",2020,NA
"Delivery","Operating At A Loss","The New Alphabet - EP","_048","DJ, Evening, I/III_048",2024,NA
"Feeling Figures","Pour Un Instant","Migration Magic","_048","Fem, Canadian, DJ, Evening, Night, I/III_048",2023,NA
"The Franky Tones","The One That Is Here","The Good Room","_048","Canadian, DJ, Evening, Night, I/III_048",2022,NA
"Fuzz","Rat Race","II","_048","SunnyDees, DJ, Night, I/III_048",2015,NA
"Holiday Ghosts","Sublime Disconnect","Coat of Arms","_048","Fem, DJ, Evening, I/III_048",2024,NA
"Meatbodies","Wahoo","Meatbodies","_048","Hits, DJ, Evening, Night, Eveght, I/III_048",2014,NA
"Party Dozen","Money & The Drugs","Crime In Australia","_048","DJ, Night, I/III_048",2024,NA
"The Radiation Flowers","Sunrise","Summer Loop","_048","Fem, Canadian, DJ, Evening, I/III_048",2017,NA
"Tess Parks","Do You Pray?","And Those Who Were Seen Dancing","_048","Fem, Canadian, DJ, Evening, Night, I/III_048",2022,"Toronto, Hand Drawn Dracula"
"Ty Segall","I'm a Man","Fudge Sandwich","_048","Hits, DJ, Evening, Night, Drum, Pump, Ignore, I/III_048",2018,NA
"Heather Trost","Sandcastles","Desert Flowers","_049","Fem, Folk/Rock, DJ, Evening, GEHam_Zero, I/III_049",2022,NA
"hooper","Heavyweight","Heavyweight - Single","_049","Canadian, Folk/Rock, DJ, Afternoon, Evening, I/III_049",2024,NA
"Jack Name","I Came to Tell You in Plain English","Magic Touch","_049","Folk/Rock, DJ, Evening, I/III_049",2020,NA
"L.T.Leif","Quail's Egg","Come Back to Me, but Lightly","_049","Folk/Rock, Fem, Canadian, DJ, Afternoon, I/III_049",2023,NA
"One Hundred Dollars","Black Gold","Songs Of Man","_049","Folk/Rock, Canadian, Fem, DJ, Evening, I/III_049",2011,NA
"Patrick Watson","Here Comes the River","Wave","_049","Canadian, Folk/Rock, Rain, DJ, Afternoon, I/III_049",2019,NA
"Rose City Band","Seeds of Light","Seeds of Light - Single","_049","Folk/Rock, DJ, Afternoon, Evening, I/III_049",2024,NA
"Shannon Lay","All This Life Going Down","All This Life Going Down","_049","SunnyDees, Folk/Rock, Fem, Rain, DJ, Afternoon, I/III_049",2016,NA
"Snake River","TV Light","TV Light - Single","_049","Canadian, Folk/Rock, DJ, Evening, Night, I/III_049",2024,NA
"Still Corners","A Kiss Before Dying","The Last Exit","_049","Fem, Folk/Rock, Rain, DJ, Afternoon, Evening, I/III_049",2021,NA
"Widowspeak","While You Wait","The Jacket","_049","Hits, Rain, Fem, Folk/Rock, DJ, Afternoon, I/III_049",2022,NA
"Beans","Kookaburra","Boots n Cats","_050","DJ, Evening, Night, Eveght, I/III_050",2024,NA
"Frankie & The Witch Fingers","MEPEM...","Monsters Eating People Eating Monsters...","_050","DJ, Night, I/III_050",2020,NA
"Hot Garbage","Easy Believer","Easy Believer - Single","_050","Canadian, DJ, Evening, Night, I/III_050",2020,NA
"King Gizzard & The Lizard Wizard","Gamma Knife","Nonagon Infinity","_050","Hits, SunnyDees, DJ, Night, I/III_050",2016,NA
"Population II","Le thé est prêt","Maintenant Jamais","_050","Canadian, DJ, Evening, Night, I/III_050",2025,NA
"Psychic Void","Small Talk","Skeleton Paradise","_050","Canadian, DJ, Night, I/III_050",2019,NA
"Rick White","Very Small","De-Evolution","_050","Canadian, DJ, Evening, Night, I/III_050",2023,NA
"Thee Oh Sees","Abysmal Urn","Smote Reverser","_050","Hits, DJ, Night, Drum, Pump, Ignore, I/III_050",2018,NA
"Ty Segall","Eggman","Three Bells","_050","DJ, Evening, Night, Eveght, I/III_050",2023,NA
"Yoo Doo Right","Speed Guru","Speed Guru - Single","_050","Canadian, DJ, Night, I/III_050",2020,NA
"BRAIDS","Victoria","Flourish // Perish","_051","Canadian, Fem, DJ, Afternoon, I/III_051",2013,NA
"Caribou","Sundialing","Andorra","_051","Canadian, Instrumental, DJ, Afternoon, I/III_051",2007,NA
"Generationals","Gold Silver Diamond","Alix","_051","DJ, Afternoon, Evening, I/III_051",2014,NA
"Islands","Superstitious","And That's Why Dolphins Lost Their Legs","_051","Canadian, DJ, Evening, Night, I/III_051",2023,NA
"Koleżanka","City Summer Sweat","Alone with the Sound the Mind Makes","_051","Fem, Folk/Rock, DJ, Rain, Evening, I/III_051",2023,NA
"L.T.Leif","Into The Air","Into The Air - Single","_051","Canadian, Fem, DJ, Evening, I/III_051",2024,NA
"Lomelda & More Eaze","In Another Life","TRANSA","_051","Fem, Folk/Rock, DJ, Afternoon, I/III_051",2024,", Red Hot Organization"
"The Mynabirds","Disarm","Generals","_051","Fem, DJ, Evening, I/III_051",2012,NA
"Patrick Watson & La Force","Height of the Feeling","Better in the Shade","_051","Canadian, DJ, Afternoon, I/III_051",2022,NA
"Pipe-eye","Lords Of Lithium","Pipe-defy","_051","DJ, Afternoon, Evening, I/III_051",2024,NA
"Pond","Holding Out For You","Man It Feels Like Space Again","_051","SunnyDees, Rain, DJ, Afternoon, I/III_051",2015,NA
"Twist","Where Do You Go","Where Do You Go","_051","Fem, Canadian, DJ, Afternoon, Evening, I/III_051",2024,NA
"Angel Hall","The Dinosaur Song",NA,"_052","Canadian, Fem, DJ, Afternoon, Evening, I/III_052",2012,"Victoria British Columbia, Self Release"
"The Bug Club","Better Than Good","On the Intricate Inner Workings of the System","_052","DJ, Afternoon, I/III_052",2024,NA
"Demon's Claws","Weird Ways","The Defrosting Of","_052","Canadian, Folk/Rock, DJ, Afternoon, Evening, I/III_052",2010,NA
"The Drin","Venom","Today My Friend You Drunk the Venom","_052","DJ, Evening, Night, Eveght, I/III_052",2023,NA
"Feeling Figures","I Should Tell You","Migration Magic","_052","Fem, Canadian, DJ, Evening, I/III_052",2023,NA
"Ghostkeeper","Piggybackin'","Ghostkeeper","_052","Canadian, Fem, DJ, Evening, I/III_052",2010,"Flemish Eye"
"Jared Jackel's Bad Vibrations","Just Like the Way That It Sounds","Bad Nauseam - EP","_052","Canadian, DJ, Afternoon, Evening, I/III_052",2025,NA
"Jon McKiel","Deeper Shade","Bobby Joe Hope","_052","DJ, Afternoon, Canadian, I/III_052",2020,NA
"knitting","Last Mistake","Knitting","_052","Fem, Canadian, DJ, Afternoon, Evening, I/III_052",2021,NA
"Prison Affair","Isolation","Demo 4 - EP","_052","DJ, Afternoon, Evening, I/III_052",2024,NA
"ROY","Little More Time","Spoons for the World","_052","Folk/Rock, Canadian, DJ, Afternoon, I/III_052",2024,NA
"The Smashing Times","Glorious Tales of Wes","This Sporting Life","_052","DJ, Evening, I/III_052",2023,NA
"Vypers","Ice","Welcome to the Gutter: Selected Demos 2020-2023","_052","Canadian, DJ, Afternoon, Evening, I/III_052",2024,NA
"Colliding Canyons","Ebb Cade","Collapse The Chronosphere","_053","Canadian, DJ, Afternoon, Evening, Night, Instrumental, Last, CanWav003, I/III_053",2023,NA
"Elephant Stone","The Devil's Shelter (feat. Alex Maas)","Ship of Fools","_053","Canadian, DJ, Evening, Night, I/III_053",2016,NA
"Goat","One More Death","Goat","_053","Fem, DJ, Evening, Night, Eveght, I/III_053",2024,NA
"Holy Void","Too Close to the Sun","Too Close to the Sun - Single","_053","Canadian, DJ, Evening, Night, I/III_053",2024,NA
"Minami Deutsch","Pueblo","Fortune Goodies","_053","DJ, Evening, Night, Eveght, I/III_053",2022,NA
"Mother Sun","Giant Bog","Meadow 6","_053","Canadian, DJ, Evening, Night, I/III_053",2024,"Kamloops, Earth Libraries"
"Possum","Clarified Budder","Lunar Gardens","_053","Hits, Canadian, DJ, evening, Night, Drum, Ignore, I/III_053",2021,NA
"Vague Plot","Moto","Crying In 9","_053","DJ, Afternoon, Evening, Night, I/III_053",2024,NA
"Bored Décor","Ego.","The Colour Red","_054","Canadian, DJ, Evening, Night, I/III_054",2018,NA
"Des Demonas","Fascist Discotheque","Apocalyptic Boom! Boom!","_054","DJ, Evening, Night, Eveght, I/III_054",2024,NA
"Fake Palms","Wasted Silhouettes","Lemons","_054","Canadian, Hits, DJ, Evening, Night, I/III_054",2022,NA
"Fold Paper","End Zone","4TO - EP","_054","Canadian, DJ, Evening, Night, I/III_054",2024,NA
"Frankie & The Witch Fingers","i-Candy","i-Candy - Single","_054","DJ, Night, I/III_054",2024,NA
"Frog Eyes","Idle Songs","Tears Of The Valedictorian","_054","Canadian, DJ, Night, I/III_054",2007,NA
"Gut Health","Separate States","Stiletto","_054","Fem, DJ, Evening, Night, Eveght, I/III_054",2024,NA
"Hot Garbage","Ride","RIDE","_054","Fem, Canadian, DJ, Evening, Night, I/III_054",2021,NA
"Maruja","The Invisible Man","Connla's Well - EP","_054","DJ, Evening, Night, Eveght, I/III_054",2024,NA
"Oneida","Low Tide","Success","_054","DJ, Night, I/III_054",2022,NA
"Sunglaciers","Order","Subterranea","_054","Canadian, DJ, Evening, Night, I/III_054",2022,NA
"Alvvays","Archie, Marry Me","Alvvays","_055","Hits, SunnyDees, Canadian, Fem, DJ, Evening, Drum, Pump, Ignore, I/III_055",2014,"Toronto Ontario, Transgressive Records & Royal Mountain Records"
"Anna Haverstock","Reach Out To Me","Reach Out To Me - Single","_055","Fem, Canadian, DJ, Evening, I/III_055",2021,"Saskatoon Saskatchewan, Self Release"
"Ezra Furman","Body Was Made","Perpetual Motion People","_055","Fem, Hits, DJ, Evening, I/III_055",2015,NA
"Francis of Delirium","Want You","Lighthouse","_055","Folk/Rock, Canadian, Fem, DJ, Afternoon, Evening, I/III_055",2024,NA
"Honeyglaze","Shadows","Honeyglaze","_055","Hits, Fem, Drum, Pump, DJ, Evening, Ignore, I/III_055",2022,NA
"Julianna Riolino & Adrian Underhill","Against The Grain","Against The Grain - Single","_055","Hits, Rain, Fem, Canadian, DJ, Evening, Throw, I/III_055",2024,NA
"Lightning Dust","Wondering What Everyone Knows","Infinite Light","_055","Canadian, Fem, DJ, Evening, Night, Hits, I/III_055",2009,NA
"Marlaena Moore","Unfaded","Unfaded - Single","_055","Folk/Rock, Canadian, Fem, DJ, Afternoon, Evening, I/III_055",2024,NA
"NewDad","I Don't Recognise You","Waves - EP","_055","Fem, DJ, Evening, I/III_055",2021,NA
"NoSo","David","Stay Proud of Me","_055","DJ, Afternoon, Evening, Fem, I/III_055",2022,NA
"Pip Blom","Daddy Issues","Boat","_055","Hits, Fem, DJ, Evening, Night, Eveght, I/III_055",2019,NA
"Quilt","Hissing My Plea","Plaza","_055","SunnyDees, Fem, DJ, Evening, Hits, Pump, I/III_055",2016,NA
"Tallies","Catapult","Patina","_055","Fem, Canadian, DJ, Evening, I/III_055",2022,NA
"Caveman & The Banshee","The One","Caveman & the Banshee","_056","Canadian, DJ, Fem, Evening, Night, I/III_056",2023,NA
"Dead Fibres","Trees Are Melting","John Q. Citizen","_056","Canadian, DJ, Night, I/III_056",2022,NA
"Friko","Where We’ve Been","Where we've been, Where we go from here","_056","DJ, Afternoon, Evening, Night, I/III_056",2024,NA
"La Sécurité","Ketchup","Ketchup / Detour - Single","_056","Canadian, DJ, Fem, Evening, Night, I/III_056",2025,NA
"Lambrini Girls","Bad Apple","Who Let The Dogs Out","_056","DJ, Fem, Evening, Night, I/III_056",2025,NA
"Motherhood","Bok Globule","Thunder Perfect Mind","_056","Canadian, DJ, Evening, Night, I/III_056",2024,NA
"A Place to Bury Strangers","Disgust","Synthesizer","_056","DJ, Evening, Night, Eveght, I/III_056",2024,NA
"Pressure Pin","Polyurethane","Polyurethane - EP","_056","Canadian, DJ, Evening, Night, I/III_056",2024,NA
"Sam Jr.","Corpus Cristi To San Antone","Inner Shadow","_056","Canadian, DJ, Evening, Night, I/III_056",2024,NA
"Small Pleasures","Juno","Juno - Single","_056","Canadian, DJ, Evening, Night, I/III_056",2025,NA
"Terry Gross","Effective Control","Huge Improvement","_056","DJ, Evening, Night, I/III_056",2024,NA
"Ada Lea","oranges","one hand on the steering wheel the other sewing a garden","_057","Fem, Canadian, Folk/Rock, Rain, DJ, Afternoon, CanWav_One, GEHam_One, I/III_057",2021,"Montreal Quebec, Next Door Records"
"Brian Cuddy","Hole in Your Heart","Burning Light","_057","Canadian, Rain, Folk/Rock, DJ, Afternoon, I/III_057",2024,NA
"Constant Smiles","Connection","Connection - Single","_057","Rain, Folk/Rock, DJ, Afternoon, I/III_057",2024,NA
"Cory Hanson","Replica","The Unborn Capitalist from Limbo","_057","Folk/Rock, Rain, DJ, Afternoon, I/III_057",2016,NA
"Ghostkeeper","Metis Running","Ghostkeeper","_057","Canadian, Folk/Rock, DJ, Evening, I/III_057",2010,"Flemish Eye"
"Julie Doiron","Spill Yer Lungs","I Can Wonder What You Did With Your Day","_057","Folk/Rock, Canadian, Fem, DJ, Afternoon, Evening, I/III_057",2009,NA
"PACKS","Paige Machine","Melt the Honey","_057","Fem, Canadian, Rain, Folk/Rock, DJ, Afternoon, I/III_057",2023,NA
"Plain Jade","Same Device","Arthur's Debt","_057","Folk/Rock, Canadian, DJ, Afternoon, I/III_057",2024,NA
"Psychic Temple","Let Me Comb Your Hair (feat. Cherry Glazerr)","Houses of the Holy","_057","Folk/Rock, DJ, Afternoon, Fem, I/III_057",2020,NA
"Shannon Lay","Nowhere","August","_057","Fem, Folk/Rock, Rain, DJ, Afternoon, Evening, I/III_057",2019,NA
"Snake River","Leave a Line","Tread on to the Unknown You","_057","Canadian, Rain, Folk/Rock, DJ, Afternoon, I/III_057",2018,NA
"Status/Non-Status","Mainly Crows","Surely Travel","_057","Canadian, Folk/Rock, DJ, Afternoon, Evening, I/III_057",2022,NA
"youbet","Carsick","Way To Be","_057","Folk/Rock, Fem, DJ, Afternoon, I/III_057",2023,NA
"Apollo Ghosts","Sunset Over Ikea","Amethyst","_058","Canadian, DJ, Evening, I/III_058",2024,"Vancouver British Columbia, You've Changed Records"
"The Ar-Kaics","Some People","In This Time","_058","DJ, Afternoon, Evening, I/III_058",2018,"Richmond Virginia, Wick Records"
"Big Bill","Political Meat","Strawberry Seed","_058","Hits, DJ, Evening, Night, Folk/Rock, I/III_058",2024,NA
"Daniel Romano & The Outfit","You Can Steal My Kiss","Too Hot To Sleep","_058","Canadian, DJ, Evening, I/III_058",2024,NA
"Dead Ghosts","Headed Home","Hippie Flippin","_058","Canadian, DJ, Evening, I/III_058",2024,NA
"Dehd","Bad Love","Blue Skies","_058","Hits, Fem, DJ, Evening, I/III_058",2022,NA
"The Franky Tones","Pop Rocks","The Good Room","_058","Canadian, DJ, Evening, Night, I/III_058",2022,NA
"GHOSTWOMAN","3 Weeks Straight","Anne If","_058","Canadian, DJ, Afternoon, Evening, Afting, I/III_058",2020,NA
"Invasions","Born On a Wave","Invasions","_058","Canadian, DJ, Evening, I/III_058",2013,NA
"Jagged Baptist Club","Slid Out in the Sunroom","Physical Surveillance","_058","DJ, Evening, Night, Eveght, I/III_058",2024,NA
"Michael Rault","Suckcess","Living Daylight","_058","Hits, SunnyDees, Canadian, DJ, Evening, Night, I/III_058",2015,NA
"The Murlocs","Comfort Zone","Manic Candid Episode","_058","Rain, DJ, Afternoon, Evening, Night, Eveght, I/III_058",2019,NA
"Private Lives","Psychic Beat","Salt of the Earth","_058","Canadian, DJ, Fem, Evening, I/III_058",2025,NA
"The Shivas","I Want You","Dark Thoughts","_058","Rain, DJ, Afternoon, Evening, I/III_058",2019,NA
"Surfbort","Dicks in Space","Keep On Truckin'","_058","DJ, Fem, Evening, I/III_058",2021,NA
"Tacocat","Hey Girl","NVM","_058","SunnyDees, Fem, DJ, Evening, Night, Eveght, I/III_058",2014,NA
"Wut","Get Out","Mingling with the Thorns","_058","Canadian, Fem, DJ, Evening, I/III_058",2024,NA
"Elephant Stone","Edge Of The Deep Blue Sea","Edge Of The Deep Blue Sea - Single","_059","Canadian, DJ, Evening, Night, I/III_059",2024,NA
"EMZYG","Cows & Predators","52 Blue","_059","DJ, Fem, Evening, Night, I/III_059",2024,NA
"Frankie & The Witch Fingers","Owsley","Brain Telephone","_059","SunnyDees, DJ, Evening, Night, Eveght, I/III_059",2017,NA
"Lammping","Beyond the Veil","Stars We Lost - EP","_059","Canadian, DJ, Afternoon, Evening, Afting, I/III_059",2022,"Toronto, We Are Busy Bodies"
"Moreish Idols","Slouch","All In The Game","_059","DJ, Afternoon, Evening, I/III_059",2024,NA
"Mother Sun","Send a Signal","Meadow 6","_059","Canadian, DJ, Evening, Night, I/III_059",2024,"Kamloops, Earth Libraries"
"Never Plenty","Soul Siphon","Never Plenty","_059","Canadian, DJ, Hits, Pump, Evening, Night, I/III_059",2022,NA
"Nice Biscuit","Rain","SOS","_059","Fem, DJ, Evening, I/III_059",2024,NA
"Population II","Mariano (Jamais je ne t’oublierai)","Maintenant Jamais","_059","Canadian, DJ, Evening, I/III_059",2025,NA
"Project Gemini","The Children Of Scorpio","The Children Of Scorpio","_059","Rain, DJ, Afternoon, Evening, I/III_059",2022,NA
"Tess Parks","Surround","Pomegranate","_059","Fem, Canadian, DJ, Evening, I/III_059",2024,NA
"deary","The Drift","Aurelia - EP","_060","Fem, Rain, DJ, Afternoon, Evening, I/III_060",2024,NA
"Donna Blue","Fantasy Girl","Into the Realm of Love","_060","Fem, DJ, Afternoon, I/III_060",2023,NA
"Electric Eye","Pendelen Svinger","Dyp Tid","_060","DJ, Evening, Night, I/III_060",2024,NA
"knitting","Spirit Gum","Some Kind of Heaven","_060","Fem, Canadian, DJ, Evening, Night, I/III_060",2024,NA
"Moon Duo","Mirror’s Edge","Occult Architecture, Vol. 2","_060","Rain, DJ, Afternoon, I/III_060",2017,NA
"OMBIIGIZI","Oil Spills","SHAME","_060","Canadian, DJ, Afternoon, Evening, Afting, I/III_060",2024,NA
"Sam Jr.","I Guess I'll Just Wash Away","Inner Shadow","_060","Canadian, Rain, DJ, Evening, I/III_060",2024,NA
"Shunk","Clouds","Shunkland","_060","Canadian, DJ, Fem, Afternoon, Evening, I/III_060",2025,NA
"Zoon","Dodem","Bekka Ma'iingan","_060","Canadian, Fem. DJ, Afternoon, I/III_060",2023,NA
"Ada Lea","i-95","notes - EP","_061","Fem, Canadian, Folk/Rock, DJ, Afternoon, Evening, I/III_061",2024,"Montreal Quebec, Next Door Records"
"Andy Shauf","Things I Do","The Neon Skyline","_061","Canadian, Folk/Rock, Rain, DJ, Afternoon, I/III_061",2019,"Regina Saskatchewan, Anti & Arts and Crafts"
"Bells Larsen","514-415","Blurring Time","_061","Canadian, Fem, DJ, Afternoon, Folk/Rock, I/III_061",2025,NA
"Bess Atwell","Sylvester","The Weeping - Single","_061","Fem, Folk/Rock, DJ, Afternoon, I/III_061",2023,NA
"Blunt Chunks","High Hopes","The Butterfly Myth","_061","Rain, Folk/Rock, Fem, Canadian, DJ, Afternoon, I/III_061",2024,NA
"Brigid Mae Power","Counting Down","Dream From The Deep Well","_061","Folk/Rock, Rain, DJ, Afternoon, I/III_061",2023,NA
"Cool Ghouls","Feel Like Getting High","At George's Zoo","_061","Folk/Rock, DJ, Afternoon, Evening, I/III_061",2021,NA
"Hand Habits","Greatest Weapon","Greatest Weapon / Under the Water - Single","_061","Folk/Rock, Rain, DJ, Afternoon, I/III_061",2022,NA
"Jennifer Castle","Lucky #8","Camelot","_061","Fem, Canadian, Rain, Folk/Rock, DJ, Afternoon, Evening, I/III_061",2024,NA
"Loving","Visions","If I Am Only My Thoughts","_061","Rain, Canadian, Folk/Rock, DJ, Afternoon, I/III_061",2019,NA
"Mikal Cronin","Peace of Mind","MCII","_061","Rain, Hits, Folk/Rock, DJ, Afternoon, Evening, I/III_061",2013,NA
"No Frills","Drive Me","Sad Clown","_061","Canadian, Folk/Rock, DJ, Afternoon, Evening, I/III_061",2025,NA
"Winter McQuinn","Red Wool","Red Wool - Single","_061","Folk/Rock, DJ, Afternoon, Evening, I/III_061",2024,NA
"The Bug Club","Quality Pints","On the Intricate Inner Workings of the System","_062","DJ, Evening, Night, Eveght, I/III_062",2024,NA
"CHEAP-SKATE","FREDDY NO FRIENDS","FREDDY NO FRIENDS","_062","DJ, Evening, Night, I/III_062",2025,NA
"Dead Fibres","Something's Wrong with My Head","John Q. Citizen","_062","Canadian, DJ, Night, I/III_062",2022,NA
"Dumb","Club Nites","Club Nites","_062","Canadian, DJ, Evening, I/III_062",2019,NA
"Ekko Astral","Baethoven","Pink Balloons","_062","Fem, DJ, Evening, I/III_062",2024,NA
"Fake Fruit","Más O Menos","Mucho Mistrust","_062","Fem, DJ, Evening, I/III_062",2024,NA
"Lambrini Girls","Big Dick Energy","Who Let The Dogs Out","_062","DJ, Fem, Evening, Night, I/III_062",2024,NA
"Lithics","When Will I Die","Mating Surfaces","_062","DJ, Fem, Evening, I/III_062",2018,NA
"MULCH","Déclin soudain","Mulchulation II - EP","_062","Fem, Canadian, DJ, Night, I/III_062",2024,NA
"NOBRO","Julia","Live Your Truth Shred Some Gnar","_062","Fem, Canadian, DJ, Evening, I/III_062",2022,NA
"Perennial","Perennial '65","Perennial '65 - EP","_062","DJ, Evening, Night, I/III_062",2025,NA
"Population II","Laisse-faire (feat. Rose Cormier)","Mulchulation II - EP","_062","Fem, Canadian, DJ, Night, I/III_062",2024,NA
"Pressure Pin","Who's Scared Now?","Polyurethane - EP","_062","Canadian, DJ, Evening, Night, I/III_062",2024,NA
"Psychic Void","Boneshaker","Skeleton Paradise","_062","Canadian, DJ, Night, I/III_062",2019,NA
"Thee Oh Sees","Look At the Sky","SORCS 80","_062","DJ, Evening, Night, Eveght, I/III_062",2024,NA
"Vypers","Sweet Change","Sweet Change - Single","_062","Canadian, DJ, Night, I/III_062",2024,NA
"Wine Lips","Eyes","Mushroom Death Sex Bummer Party","_062","Canadian, DJ, Night, I/III_062",2021,NA
"Allah-Las","Ferus Gallery","Worship The Sun","_063","Hits, SunnyDees, Instrumental, DJ, Evening, Night, I/III_063",2014,"Los Angles California, Innovative Leisure Records"
"Chains Of Love","I'd Rather Be Crying","Strange Grey Days","_063","Hits, SunnyDees, Canadian, Fem, DJ, Evening, Night, I/III_063",2012,NA
"CTMF","A Certain Boy","For Your Love - Single","_063","DJ, Evening, I/III_063",2024,NA
"Dead Ghosts","Anything For You","Love And Death And All The Rest","_063","Hits, SunnyDees, Canadian, DJ, Afternoon, Evening, I/III_063",2015,NA
"The Garrys","Mike's Beach Bar","Surf Manitou","_063","SunnyDees, Canadian, Fem, DJ, Evening, I/III_063",2017,NA
"GHOSTWOMAN","Street Meet","Anne If","_063","Canadian, DJ, Afternoon, Evening, Instrumental, I/III_063",2020,NA
"Ichi-Bons","Don't Call Me Flyface","Ich-I-Bon #1 - EP","_063","Canadian, Throw, DJ, Evening, Instrumental, I/III_063",2023,NA
"La Luz","Sure As Spring","It's Alive","_063","Hits, SunnyDees, Fem, DJ, Evening, Night, Eveght, I/III_063",2013,NA
"Miranda and the Beat","El Lobo Negro","Can't Take It","_063","DJ, Evening, Night, I/III_063",2024,NA
"Mock Media","Louis won't break","Mock Media II","_063","Canadian, Rain, DJ, Afternoon, Evening, I/III_063",2023,NA
"Private Lives","I Get Around","Salt of the Earth","_063","Canadian, Fem, DJ, Evening, I/III_063",2025,NA
"Raeburn","Silvestris Catus","Wessi Pessi","_063","Canadian, DJ, Evening, I/III_063",2016,NA
"SHAKING HANDS","Sarah","Shaking Hands","_063","SunnyDees, Canadian, DJ, Evening, Hits, I/III_063",2014,NA
"Shannon & The Clams","Hey Willy","Dreams in the Rat House","_063","Hits, SunnyDees, Fem, DJ, Evening, Night, Eveght, I/III_063",2013,NA
"Tennis","Long Boat Pass","Cape Dory","_063","Hits, SunnyDees, Fem, DJ, Afternoon, Evening, I/III_063",2011,NA
"Winds","Time We Take","Look at the Sky","_063","Hits, DJ, Evening, I/III_063",2021,NA
"Yin Yin","The Perseverance of Sano","Mount Matsu","_063","DJ, Evening, I/III_063",2024,NA
"Apollo Ghosts","Ok Soda","Pink Tiger","_064","Canadian, DJ, Evening, I/III_064",2022,"Vancouver British Columbia, You've Changed Records"
"Blood Wizard","Devil Dressed In Disguise","Grinning William (Deluxe Edition)","_064","DJ, Evening, I/III_064",2024,NA
"Boeckner","Lose","Boeckner!","_064","Canadian, DJ, Evening, I/III_064",2024,NA
"Bored Décor","Syntax","The Colour Red","_064","Canadian, DJ, Evening, Night, I/III_064",2018,NA
"Dumb","Mint","Seeing Green","_064","Canadian, DJ, Evening, I/III_064",2018,NA
"ELLiS·D","Straitjacket Blues","Hullo, Reality!","_064","DJ, Evening, I/III_064",2023,NA
"Fake Fruit","Gotta Meet You","Mucho Mistrust","_064","Fem, DJ, Evening, I/III_064",2024,NA
"Gut Health","Cool Moderator","Stiletto","_064","Fem, DJ, Evening, Night, Eveght, I/III_064",2024,NA
"jog","Dirtball","EP 01 - Single","_064","Canadian, DJ, Afternoon, Evening, Afting, I/III_064",2024,NA
"Motherhood","Shepherd","Winded","_064","Fem, Canadian, DJ, Afternoon, Evening, I/III_064",2022,NA
"Omni","Plastic Pyramid","Souvenir","_064","DJ, Evening, I/III_064",2024,NA
"Sauna Youth","Theatre 83","Deaths","_064","Fem, DJ, Evening, I/III_064",2018,NA
"Shunk","Rat King","Shunkland","_064","Canadian, Fem, DJ, Evening, I/III_064",2025,NA
"Tomato Flower","No","No","_064","Fem, DJ, Evening, I/III_064",2024,NA
"The Wesleys","Get a Reaction","Outside Voices - EP","_064","Canadian, DJ, Evening, I/III_064",2022,NA
"Boogarins","Tempo","Manual","_065","SunnyDees, DJ, Afternoon, Evening, Night, I/III_065",2015,NA
"Casper Skulls","Roddy Piper","Kit-Cat","_065","Canadian, Fem, DJ, Evening, Night, I/III_065",2025,NA
"Faux Ferocious","Feeding Frenzy","Pretty Groovy","_065","DJ, Evening, Night, Eveght, I/III_065",2019,NA
"Fold Paper","Idle Idle","4TO - EP","_065","Canadian, DJ, Evening, Night, I/III_065",2024,NA
"Ghostkeeper","Don't Come Knockin'","Ghostkeeper","_065","Canadian, Fem, DJ, Evening, Night, I/III_065",2010,"Flemish Eye"
"Goat Girl","The Man","Goat Girl","_065","Hits, Fem, DJ, Evening, Night, GEHam_One, I/III_065",2018,NA
"knitting","Heaven","Some Kind of Heaven","_065","Fem, Canadian, DJ, Evening, Night, I/III_065",2024,NA
"Lotus Plaza","White Galactic One","Spooky Action At A Distance","_065","DJ, Evening, Night, Eveght, I/III_065",2012,NA
"Nap Eyes","If You Were in Prison","Snapshot of a Beginner","_065","Canadian, DJ, Evening, Night, I/III_065",2020,NA
"Never Plenty","Chatter Box","Never Plenty","_065","Canadian, DJ, Evening, Night, I/III_065",2025,NA
"Plants And Animals","Lola Who?","With/Avec EP","_065","Canadian, DJ, Evening, Night, GEHam_One, I/III_065",2007,NA
"Slow Fiction","Apollo","Crush - EP","_065","Fem, DJ, Evening, Night, Eveght, I/III_065",2024,NA
"Veps","The Other Side of the Door","Oslo Park","_065","Fem, DJ, Afternoon, Evening, Night, I/III_065",2022,NA
"The Blaze Velluto Collection","What's on Your Mind?","What's On Your Mind?","_066","Canadian, Fem, DJ, Afternoon, Evening, I/III_066",2023,NA
"Brigid Dawson and The Mothers Network","The Fool","Ballet of Apes","_066","Fem, Folk/Rock, Rain, DJ, Afternoon, Drum, I/III_066",2020,NA
"The Echocentrics & Adrian Quesada","Canyon (feat. Alex Maas & Jazz Mills)","Echo Hotel","_066","Rain, Drum, DJ, Afternoon, I/III_066",2016,NA
"Elephant Stone","Godstar","Back Into The Dream","_066","Canadian, Instrumental, DJ, Afternoon, I/III_066",2023,NA
"GHOSTWOMAN","Good","Ghost Woman","_066","Canadian, Rain, DJ, Afternoon, I/III_066",2022,NA
"Goat","Goatbrain","Goat","_066","Fem, DJ, Afternoon, Evening, I/III_066",2024,NA
"Juleah","Fruit Tree and the Fuzzy Bee","Stoked On Planet Summer","_066","Fem, DJ, Afternoon, Evening, I/III_066",2021,NA
"Matt Costa","Witchcraft","Mobile Chateau","_066","Hits, DJ, Afternoon, Evening, I/III_066",2010,NA
"Mother Sun","Headgrown","Meadow 6","_066","Canadian, DJ, Afternoon, Evening, Afting, I/III_066",2024,"Kamloops, Earth Libraries"
"Possum","Tusk","Space Grade Assembly","_066","Canadian, Instrumental, Rain, DJ, Afternoon, I/III_066",2019,NA
"Rick White & The Sadies","Standing In the Yard","Rick White and the Sadies","_066","Canadian, DJ, Afternoon, Evening, Afting, I/III_066",2024,NA
"SEND MEDICINE","She Believes in the Devil","Mermaids on the Verandah","_066","Folk/Rock, DJ, Afternoon, I/III_066",2017,NA
"Tess Parks","Bagpipe Blues","Pomegranate","_066","Fem, Canadian, DJ, Afternoon, Evening, I/III_066",2024,NA
"A. Savage","Thawing Dawn","Thawing Dawn","_067","Hits, Folk/Rock, DJ, Afternoon, Evening, Drum, Pump, Ignore, I/III_067",2017,"Denton Texas, Dull Tools"
"Black Mountain","Stay Free","In The Future","_067","Canadian, Fem, DJ, Afternoon, Folk/Rock, I/III_067",2007,NA
"Casper Skulls","Dying in Eight Verses","Kit-Cat","_067","Canadian, Folk/Rock, DJ, Evening, I/III_067",2025,NA
"Charles Moothart","The Path (I'd Like To Follow)","Chaotic Shimmer - EP","_067","DJ, Afternoon, Evening, Folk/Rock, I/III_067",2025,NA
"Demon's Claws","That Old Outlaw","Satan's Little Pet Pig","_067","Canadian, Folk/Rock, DJ, Afternoon, Evening, I/III_067",2007,NA
"Joe Ghatt","Any Old","Banana Sludge","_067","DJ, Afternoon, Folk/Rock, I/III_067",2019,NA
"Jon McKiel","Concrete Sea","Hex","_067","Canadian, Folk/Rock, Rain, Cover, DJ, Afternoon, I/III_067",2024,NA
"Julie Doiron","Borrowed Minivans","I Can Wonder What You Did With Your Day","_067","Folk/Rock, Canadian, Fem, DJ, Afternoon, I/III_067",2009,NA
"Lammping","Better Know Better","Better Know Better - Single","_067","Canadian, Folk/Rock, DJ, Afternoon, Evening, I/III_067",2023,"Toronto, Self"
"Muzz","Everything Like It Used To Be","Muzz","_067","Folk/Rock, Rain, Hits, DJ, Evening, Afternoon, GEHam_One, I/III_067",2020,NA
"The Mystery Lights","Sorry I Forgot Your Name","Purgatory","_067","Hits, Folk/Rock, DJ, Afternoon, Evening, I/III_067",2024,NA
"OMBIIGIZI","Cherry Coke","Sewn Back Together","_067","Canadian, Folk/Rock, DJ, Afternoon, Rain, GEHam_Two, I/III_067",2022,NA
"Bonny Light Horseman","When I Was Younger","Keep Me on Your Mind/See You Free","_068","Fem, Folk/Rock, DJ, Afternoon, Evening, I/III_068",2024,NA
"Eliza Niemi","Dusty","Progress Bakery","_068","Folk/Rock, Canadian, Fem, Rain, DJ, Afternoon, Evening, I/III_068",2025,NA
"Ghostkeeper","Tea and Cree Talking","Ghostkeeper","_068","Canadian, Folk/Rock, DJ, Afternoon, Evening, I/III_068",2010,"Flemish Eye"
"Holiday Ghosts","Tired Eyes","Coat of Arms","_068","Folk/Rock, DJ, Afternoon, Evening, I/III_068",2024,NA
"Jared Jackel's Bad Vibrations","Hide the High","Hide the High - Single","_068","Canadian, Folk/Rock, DJ, Afternoon, Evening, I/III_068",2024,NA
"Jonathan Wilson","Desert Raven","Gentle Spirit","_068","Rain, Folk/Rock, DJ, Afternoon, Evening, I/III_068",2011,NA
"Luke Temple","In The Open","Don't Act Like You Don't Care","_068","Folk/Rock, DJ, Afternoon, Evening, Rain, I/III_068",2011,NA
"Nap Eyes","Demons","The Neon Gate","_068","Canadian, Folk/Rock, DJ, Afternoon, Evening, I/III_068",2024,NA
"No Frills","Mr. Mean","Sad Clown","_068","Canadian, Folk/Rock, DJ, Afternoon, Evening, I/III_068",2025,NA
"PACKS","89 Days","Melt the Honey","_068","Fem, Canadian, Folk/Rock, DJ, Afternoon, Evening, I/III_068",2024,NA
"Sharon Van Etten","One Day","Epic","_068","Fem, DJ, Afternoon, Evening, Rain, Hits, Folk/Rock, I/III_068",2010,"Recorded at Miner Street Recordings by Amy Morrissey and Brian McTear. Produced and Mixed by Brian McTear"
"Timber Timbre","Creep On Creepin' On","Creep On Creepin' On","_068","Folk/Rock, Canadian, DJ, Afternoon, Evening, I/III_068",2011,NA
"Winter McQuinn","Red Wool","Move To The Trees","_068","Folk/Rock, DJ, Afternoon, Evening, I/III_068",2024,NA
"Bria Salmena","Water Memory","Big Dog","_069","DJ, Canadian, Fem, Afternoon, I/III_069",2025,NA
"Cate Le Bon","Harbour","Pompeii","_069","Fem, Rain, DJ, Afternoon, I/III_069",2022,NA
"deary","I Still Think About You","I Still Think About You / No Ordinary Love - Single","_069","DJ, Fem, Afternoon, Evening, I/III_069",2025,NA
"Donna Blue","In Blue","Into the Realm of Love","_069","Fem, Rain, DJ, Afternoon, I/III_069",2024,NA
"Energy Slime","Only Clouds","New Dimensional","_069","Canadian, Fem, DJ, Afternoon, Evening, I/III_069",2014,NA
"FRANKIIE","Visions","Between Dreams","_069","Canadian, Fem, DJ, Afternoon, I/III_069",2023,NA
"Haunted Summer","Killing Me","Spirit Guides","_069","SunnyDees, Fem, Rain, DJ, Afternoon, Evening, GEHam_Zero, I/III_069",2017,NA
"Lael Neale","Come On","Altogether Stranger","_069","Folk/Rock, Fem, DJ, Afternoon, I/III_069",2025,NA
"Lightning Dust","Listen On","Lightning Dust","_069","Canadian, Fem, Folk/Rock, DJ, Afternoon, I/III_069",2007,NA
"Marlaena Moore","All Alone (Full of Love)","Pay Attention, Be Amazed!","_069","Fem, Canadian, Rain, DJ, Afternoon, I/III_069",2020,NA
"Memoryhouse","Heirloom","The Slideshow Effect","_069","Hits, Canadian, Fem, Rain, DJ, Afternoon, CanWav_One, I/III_069",2012,NA
"O & The Mo","I Don't Know","Make Way For The Sun","_069","Fem, DJ, Afternoon, Evening, I/III_069",2025,NA
"Rory McClure & Shimmering Stars","Fangs (Demo)","Lost & Found Sounds 2009-2013","_069","Canadian, DJ, Afternoon, Evening, I/III_069",2014,NA
"Still Corners","Cuckoo","Creatures of an Hour","_069","Fem, DJ, Afternoon, Evening, I/III_069",2011,NA
"TOPS","Sunday Morning","Sunday Morning - Single","_069","Fem, Canadian, Rain, DJ, Afternoon, Evening, I/III_069",2024,NA
"Brian Cuddy","Only Ones","Burning Light","_070","Canadian, Folk/Rock, Rain, DJ, Afternoon, Evening, I/III_070",2024,NA
"Cameron Winter","Love Takes Miles","Heavy Metal","_070","DJ, Afternoon, Evening, Folk/Rock, I/III_070",2024,NA
"Gaspard Eden","Cherry","Cherry - Single","_070","Canadian, DJ, Evening, Folk/Rock, I/III_070",2025,NA
"GHOSTWOMAN","Alive","Welcome to the Civilized World","_070","Canadian, Folk/Rock, DJ, Evening, I/III_070",2025,NA
"Grave Flowers Bongo Band","Head in California","Head in California / Autumn - Single","_070","Folk/Rock, DJ, Evening, I/III_070",2023,NA
"Hand Habits","Wheel of Change","Blue Reminder","_070","Folk/Rock, Fem, DJ, Afternoon, Evening, I/III_070",2025,NA
"Hooveriii","Stage","Manhunter","_070","Fem, Folk/Rock, DJ, Afternoon, Evening, I/III_070",2025,NA
"Lammping","Desert on the Keel","Desert on the Keel - Single","_070","Canadian, Folk/Rock, DJ, Evening, I/III_070",2022,"Toronto"
"Merce Lemon","Backyard Lover","Watch Me Drive Them Dogs Wild","_070","Fem, Rain, Folk/Rock, DJ, Afternoon, Evening, I/III_070",2024,NA
"runner","Big Bite","Big Bite - Single","_070","Fem, Folk/Rock, Canadian, DJ, Afternoon, Evening, I/III_070",2025,NA
"Tess Parks","We Are the Music Makers and We Are the Dreamers of Dreams","And Those Who Were Seen Dancing","_070","Fem, Canadian, Folk/Rock, DJ, Afternoon, Evening, I/III_070",2022,"Toronto, Hand Drawn Dracula"
"Big Evil Rat","We Broke Down","LIVE AT CJSW","_071","Canadian, DJ, Evening, Night, I/III_071",2024,NA
"BITTER//WASHED","Bitter Illusions","Bitter Illusions","_071","DJ, Canadian, Evening, Night, I/III_071",2023,NA
"The Franky Tones","Secrets","The Good Room","_071","Canadian, DJ, Evening, Night, I/III_071",2022,NA
"Heaters","Ara Pacis","Baptistina","_071","SunnyDees, DJ, Afternoon, Evening, Night, Eveght, I/III_071",2016,NA
"Hot Garbage","Mystic Muffin","Max Blonda - EP","_071","Hits, Canadian, Fem, DJ, Evening, Night, I/III_071",2017,NA
"Night Beats","Real Change","Sonic Bloom","_071","SunnyDees, DJ, Evening, Night, I/III_071",2013,"RVRB-013. Released by The Reverberation Appreciation Society on September 24, 2013. Available for purchase on http://www.austinpsychfest.com"
"Secret Door","Gutbucket","Hatch - EP","_071","Canadian, DJ, Evening, Night, I/III_071",2019,NA
"Thee Oh Sees","Devil Again","Singles Collection, Vol. 3","_071","DJ, Evening, Night, Eveght, I/III_071",2013,NA
"Three Bones","Hidden Doorways","Haven't You Heard","_071","SunnyDees, Fem, DJ, Afternoon, Evening, Night, I/III_071",2015,NA
"TVOD","Bend","Party Time","_071","DJ, Afternoon, Evening, Night, I/III_071",2025,NA
"Ty Segall","It's Over","Manipulator","_071","Hits, SunnyDees, DJ, Evening, Night, Drum, Pump, I/III_071",2014,NA
"Caveman & The Banshee","Spaceman Suicide","Caveman & the Banshee","_072","Canadian, Fem, DJ, Evening, Night, I/III_072",2023,NA
"Haunted Summer","Spirit Guides","Spirit Guides","_072","SunnyDees, Fem, DJ, Afternoon, Evening, Night, I/III_072",2017,NA
"Maruja","Aon","Tír na nÓg - EP","_072","DJ, Afternoon, Evening, Night, I/III_072",2025,NA
"Pink Breath of Heaven","The Wind Is Calling","Colors Make a Sound","_072","Fem, DJ, Evening, Night, I/III_072",2025,NA
"The Radiation Flowers","Just Go Away","Summer Loop","_072","Fem, Canadian, DJ, Evening, Night, I/III_072",2017,NA
"Tebby And The Heavy","Razzle Dazzle","Razzle Dazzle - Single","_072","Canadian, DJ, Fem, Evening, Night, I/III_072",2025,NA
"Tess Parks","Wow","And Those Who Were Seen Dancing","_072","Fem, Canadian, Rain, DJ, Afternoon, Evening, Night, I/III_072",2022,"Toronto, Hand Drawn Dracula"
"Wooden Shjips","Eclipse","V.","_072","DJ, Evening, Night, Eveght, I/III_072",2018,NA
"Bria Salmena","Drastic","Big Dog","_073","DJ, Canadian, Fem, Afternoon, Evening, I/III_073",2025,NA
"Cameron Brown","I Know Now","Shapes","_073","Canadian, DJ, Afternoon, Evening, I/III_073",2025,NA
"Casper Skulls","Kihl","Kit-Cat","_073","Folk/Rock, Canadian, DJ, Fem, Afternoon, Evening, I/III_073",2025,NA
"Cola","Pulling Quotes","The Gloss","_073","Canadian, DJ, Afternoon, Evening, Afting, I/III_073",2024,NA
"DAIISTAR","Repeater","Good Time","_073","Rain, DJ, Afternoon, Evening, Night, Eveght, I/III_073",2023,NA
"Friko","Statues","Where we've been, Where we go from here","_073","Rain, DJ, Afternoon, Evening, I/III_073",2024,NA
"Junk Drawer","Railroad King","The Dust Has Come To Stay - EP","_073","Hits, DJ, Afternoon, Evening, I/III_073",2022,NA
"King Hannah","Davey Says","Big Swimmer","_073","Fem, DJ, Afternoon, Evening, I/III_073",2024,NA
"knitting","Sleeper","Some Kind of Heaven","_073","Fem, Canadian, DJ, Afternoon, Evening, I/III_073",2024,NA
"NewDad","I Don't Recognise You","Waves - EP","_073","Hits, Fem, DJ, Afternoon, Evening, I/III_073",2021,NA
"OMBIIGIZI","Laminate The Sky","SHAME","_073","Canadian, Rain, DJ, Afternoon, Evening, I/III_073",2024,NA
"Sunglaciers","Cursed","Regular Nature","_073","Canadian, DJ, Afternoon, Evening, Afting, I/III_073",2024,NA
"Wand","Rio Grande","Laughing Matter","_073","Rain, DJ, Afternoon, Evening, I/III_073",2019,NA
"Ben Seretan","New Air","Allora","_074","DJ, Night, I/III_074",2024,NA
"Black Thunder","The Black Rag","La Fine Creata","_074","Canadian, DJ, Evening, Night, I/III_074",2020,NA
"Blackwater Holylight","Wandering Lost","If You Only Knew - EP","_074","DJ, Fem, Night, I/III_074",2025,NA
"Frankie & The Witch Fingers","Activate","Monsters Eating People Eating Monsters...","_074","Hits, DJ, Night, I/III_074",2020,NA
"Never Plenty","Hyperventilation","Never Plenty","_074","Canadian, DJ, Evening, Night, I/III_074",2025,NA
"Population II","Maintenant et Jamais","Maintenant Jamais","_074","Canadian, DJ, Evening, Night, I/III_074",2025,NA
"Possum","Worms Hollow","Space Grade Assembly","_074","Canadian, DJ, Night, I/III_074",2019,NA
"Psychedelic Porn Crumpets","March on for Pax Ramona","Carpe Diem, Moonman","_074","DJ, Evening, Night, I/III_074",2025,NA
"ALVILDA","Angoisse","C'est Déjà L'heure","_075","Fem, DJ, Evening, I/III_075",2024,"Paris France, Static Shock Records,"
"Brian Cuddy","Just a Dream","Burning Light","_075","Canadian, DJ, Afternoon, Evening, Afting, I/III_075",2024,NA
"Dead Ghosts","Headed Home","Headed Home - Single","_075","Canadian, Hits, DJ, Evening, I/III_075",2024,NA
"The Drin","Lease on Life","Elude the Torch","_075","DJ, Afternoon, Evening, I/III_075",2024,NA
"The Get Alongs","The Roller","Weather Permitting","_075","Canadian, DJ, Evening, I/III_075",2023,NA
"GHOSTWOMAN","All Your Love","Ghost Woman","_075","Canadian, DJ, Afternoon, Evening, CanWav003, I/III_075",2022,NA
"Michael Rault","Lost Something","Living Daylight","_075","SunnyDees, Canadian, DJ, Evening, I/III_075",2015,NA
"Moonwalks","War on Nothing","Western Mystery Tradition","_075","DJ, Afternoon, Evening, I/III_075",2023,NA
"PACKS","Hfcs","Melt the Honey","_075","Fem, Canadian, DJ, Evening, I/III_075",2023,NA
"Private Lives","Dealer's Choice","Salt of the Earth","_075","Canadian, Fem, DJ, Evening, I/III_075",2025,NA
"Shadow Show","Clown Song","Fantasy Now!","_075","Fem, DJ, Evening, I/III_075",2024,NA
"The Shivas","Feels So Bad","Feels So Good // Feels So Bad","_075","DJ, Evening, Night, Eveght, I/III_075",2021,NA
"The Spyrals","Echoplex","Retrograde","_075","DJ, Evening, I/III_075",2024,NA
"Winds","Return of the Jive","Look at the Sky","_075","DJ, Evening, I/III_075",2021,NA
"Wut","Here for You","Mingling with the Thorns","_075","Canadian, Fem, DJ, Evening, I/III_075",2024,NA
"The Besnard Lakes","In Hollywood","The Besnard Lakes are the Ghost Nation","_076","Canadian, DJ, Evening, Night, I/III_076",2025,NA
"Blume","The Interview","Inner Vision","_076","Canadian, DJ, Afternoon, I/III_076",2023,NA
"Celia's Dream","Homage","Endless, Nameless - EP","_076","Canadian, DJ, Evening, Night, I/III_076",2024,NA
"Holy Void","Salvation","All Will Be Revealed In Time","_076","Canadian, DJ, Evening, I/III_076",2024,NA
"Hot Garbage","She Figured It Out","RIDE","_076","Fem, Canadian, DJ, Afternoon, I/III_076",2021,NA
"OMBIIGIZI","Eagle Man / Changing Woman","Eagle Man / Changing Woman - Single","_076","Canadian, DJ, Evening, I/III_076",2023,NA
"Population II","Le Serpent","Serpent Échelle - EP","_076","Canadian, DJ, Evening, Instrumental, I/III_076",2024,NA
"Small Pleasures","Winnona","Limits - Single","_076","Canadian, DJ, Evening, I/III_076",2024,NA
"Tebby And The Heavy","I Never","I Never - Single","_076","Canadian, Fem, DJ, Evening, I/III_076",2025,NA
"Tess Parks","California's Dreaming","Pomegranate","_076","Fem, Canadian, Folk/Rock, DJ, Evening, I/III_076",2024,NA
"Zoon","Giizhig","A Sterling Murmuration - EP","_076","Canadian, Fem, DJ, Afternoon, Evening, GEHam_Zero, I/III_076",2022,NA
"Apollo Ghosts","Ripping Invasives","Amethyst","_077","Canadian, DJ, Evening, I/III_077",2024,"Vancouver British Columbia, You've Changed Records"
"CHIME OBLIVION","HEATED HORSES","CHIME OBLIVION","_077","DJ, Fem, Evening, I/III_077",2025,NA
"Cola","Mendicant","Mendicant - Single","_077","Canadian, DJ, Evening, I/III_077",2025,NA
"Dumb","Don’t Get Me Started","Seeing Green","_077","Canadian, DJ, Evening, I/III_077",2018,NA
"Fake Palms","Visions","Lemons","_077","Canadian, DJ, Evening, I/III_077",2022,NA
"Gloin","Bucket of Blood","All of your anger is actually shame (and I bet that makes you angry)","_077","Canadian, DJ, Evening, I/III_077",2025,NA
"Gut Health","The Recipe","Stiletto","_077","Fem, DJ, Evening, I/III_077",2024,NA
"Lithics","Excuse Generator","Mating Surfaces","_077","DJ, Fem, Evening, I/III_077",2018,NA
"Mock Media","Imitation","Mock Media","_077","Canadian, DJ, Evening, I/III_077",2019,NA
"Moreish Idols","Railway","All In The Game","_077","DJ, Evening, I/III_077",2025,NA
"Public Body","Dimension","Finger Food","_077","DJ, Evening, Night, I/III_077",2025,NA
"Qlowski","Mastering The Motions","The Wound","_077","DJ, Fem, Evening, I/III_077",2024,NA
"Yoo Doo Right","Eager Glacier","From the Heights of Our Pastureland","_077","Canadian, DJ, Night, I/III_077",2024,NA
"Alex MacNeil","Whatever Gets You High","Far Out Man - EP","_078","Canadian, DJ, Evening, I/III_078",2025,"Dawson City Yukon, Self Release"
"Allah-Las","Follow You Down","Worship The Sun","_078","Hits, SunnyDees, DJ, Evening, Drum, Pump, Ignore, I/III_078",2014,"Los Angles California, Innovative Leisure Records"
"Alvvays","Atop a Cake","Alvvays","_078","Hits, SunnyDees, Canadian, Fem, DJ, Evening, I/III_078",2014,"Toronto Ontario, Transgressive Records & Royal Mountain Records"
"Ceramic Animal","Mad","The Cart","_078","DJ, Afternoon, Evening, I/III_078",2016,NA
"Chains Of Love","Lately","Strange Grey Days","_078","SunnyDees, Canadian, Fem, DJ, Evening, I/III_078",2012,NA
"FRANKIIE","Golden Days","Between Dreams","_078","Canadian, Fem, DJ, Evening, Night, I/III_078",2023,NA
"Fungi Girls","Doldrums","Some Easy Magic","_078","DJ, Hits, Evening, Night, I/III_078",2011,NA
"Los Palms","Sorrows","Skeleton Ranch","_078","DJ, Evening, Rain, I/III_078",2022,NA
"Misty Lanes","In The Dark","Colourless Green Ideas","_078","DJ, Evening, I/III_078",2024,NA
"Raeburn","Trip on a Ship","Wessi Pessi","_078","Canadian, DJ, Evening, I/III_078",2016,NA
"TEKE::TEKE","Kala Kala","Shirushi","_078","Canadian, Fem, DJ, Evening, Night, I/III_078",2020,NA
"Tough Age","Snakes & Ladders","I Get The Feeling Central","_078","SunnyDees, Canadian, DJ, Evening, I/III_078",2015,NA
"Triptides","Shark Attack","Sun Pavilion","_078","DJ, Evening, I/III_078",2012,NA
"Ada Lea","damn","one hand on the steering wheel the other sewing a garden","_079","Fem, Canadian, Folk/Rock, Rain, DJ, Afternoon, I/III_079",2021,"Montreal Quebec, Next Door Records"
"Constant Smiles","The Things I Miss","Paragons","_079","Folk/Rock, DJ, Afternoon, I/III_079",2021,NA
"Eliza Niemi","Pocky","Progress Bakery","_079","Folk/Rock, Fem, Canadian, DJ, Afternoon, I/III_079",2025,NA
"Hieronymus Harry","Colour of the Mirror","The River of Doom","_079","Folk/Rock, Canadian, DJ, Afternoon, I/III_079",2022,NA
"Imaad Wasif","Place In The Dark","So Long Mr. Fear","_079","Folk/Rock, DJ, Afternoon, I/III_079",2022,NA
"Oldseed","Under Your Breath","The Terror","_079","Folk/Rock, Canadian, Rain, DJ, Afternoon, I/III_079",2008,NA
"Project Gemini","Lost In The Wood (Paranoia)","Colours & Light","_079","Folk/Rock, DJ, Afternoon, I/III_079",2024,NA
"ROY","Spoons For the World","Spoons for the World","_079","Folk/Rock, Canadian, DJ, Afternoon, I/III_079",2024,NA
"Shannon Lay","A Thread to Find","Geist","_079","Fem, Folk/Rock, DJ, Afternoon, Rain, I/III_079",2021,NA
"Sharp Pins","Storma Lee","Radio DDR","_079","Folk/Rock, DJ, Afternoon, Evening, I/III_079",2025,NA
"Snake River","Jeanie, I've Waited a Long Time","Lost Album","_079","Canadian, Folk/Rock, DJ, Evening, I/III_079",2021,NA
"Arthur Ahbez","A to G","Arthur Ahbez & The Flaming Ahbez","_080","DJ, Afternoon, Evening, Folk/Rock, I/III_080",2024,"Auckland New Zealand, Sham Records"
"Carson McHone","Downhill","Pentimento","_080","Canadian, Fem, DJ, Afternoon, Evening, Folk/Rock, I/III_080",2025,NA
"Cory Hanson","I Love People","I Love People","_080","DJ, Afternoon, Evening, Folk/Rock, I/III_080",2025,NA
"Garrett T. Capps","Toxic Serenity","Life Is Strange","_080","Folk/Rock, DJ, Afternoon, Evening, I/III_080",2025,NA
"Gumshoes","You Give Too Much Credit To the Angels","Save the Date - EP","_080","Folk/Rock, Rain, DJ, Afternoon, Evening, I/III_080",2024,NA
"Julianna Riolino","Seed","Echo in the Dust","_080","Fem, Canadian, DJ, Afternoon, Evening, Rain, Hits, Pump, Folk/Rock, I/III_080",2025,NA
"Kate Maki","All I Get","All I Get - Single","_080","Canadian, Folk/Rock, DJ, Fem, Afternoon, Evening, I/III_080",2025,NA
"Lammping","Home of Shadows","Stars We Lost - EP","_080","Canadian, Folk/Rock, DJ, Afternoon, Evening, I/III_080",2022,"Toronto, We Are Busy Bodies"
"Naima Bock","Kaley","Below a Massive Dark Land","_080","Fem, Rain, Folk/Rock, DJ, Afternoon, Evening, I/III_080",2024,NA
"The Painters","Rolling Thunder","The Painters","_080","Canadian, DJ, Afternoon, Evening, Folk/Rock, I/III_080",2023,NA
"Pearl Charles","Middle Of The Night","Middle Of The Night - Single","_080","Folk/Rock, DJ, Fem, Afternoon, Evening, I/III_080",2025,NA
"Pretty","Wait For the Sun","Citrus Magic - EP","_080","Canadian, DJ, Afternoon, Evening, Folk/Rock, I/III_080",2023,NA
"U.S. Girls","Firefly on the 4th of July","Scratch It","_080","Canadian, Fem, DJ, Afternoon, Evening, Folk/Rock, I/III_080",2025,NA
"Anika","Hearsay","Abyss","_081","DJ, Fem, Evening, I/III_081",2025,"Surrey UK, Sacred Bones"
"Breanna Barbara","Diamond Light","Nothin' but Time","_081","Fem, Hits, DJ, Evening, I/III_081",2022,NA
"Brian Cuddy","First Light","Burning Light","_081","Canadian, DJ, Afternoon, Evening, Afting, I/III_081",2024,NA
"Brown Spirits","Mind Rocker","Cosmic Seeds","_081","DJ, Evening, Night, I/III_081",2025,NA
"GHOSTWOMAN","Broke","Anne If","_081","Canadian, DJ, Afternoon, Evening, Afting, I/III_081",2020,NA
"Hot Garbage","Mystery","Precious Dream","_081","Canadian, Hits, DJ, Evening, Night, I/III_081",2023,NA
"King Gizzard & The Lizard Wizard","Alluda Majaka","Oddments","_081","SunnyDees, DJ, Night, I/III_081",2014,NA
"Never Plenty","Caviar","Never Plenty","_081","Canadian, DJ, Evening, I/III_081",2025,NA
"ORB","End Times","Mind Over Matter b/w End Times - Single","_081","DJ, Evening, Night, I/III_081",2025,NA
"Pearly Moon","(It Was) All an Illusion","Tragicomedy","_081","Canadian, DJ, Evening, I/III_081",2024,NA
"Rick White","Whatever It Is","Where It's Fine","_081","Canadian, DJ, Evening, Night, I/III_081",2021,NA
"Tebby And The Heavy","I'm On Fire","I'm On Fire - Single","_081","Fem, DJ, Evening, Canadian, I/III_081",2025,NA
"Ty Segall","Tall Man Skinny Lady","Manipulator","_081","SunnyDees, DJ, Afternoon, Evening, Night, I/III_081",2014,NA
"Astrel K","By Depol","The Foreign Department","_082","Rain, DJ, Afternoon, I/III_082",2024,"Stockholm Sweden, Tough Love"
"Baby Cool","The Sea","Earthling on the Road to Self Love","_082","Fem, DJ, Afternoon, I/III_082",2022,"Brisbane Australia, Greenway & Reverberation Appreciation Society"
"Blume","All Out Of...","Inner Vision","_082","Canadian, DJ, Afternoon, Evening, Drum, Ignore, I/III_082",2023,NA
"Destroyer","Bologna (feat. Fiver)","Dan's Boogie","_082","Canadian, Fem, DJ, Afternoon, Evening, I/III_082",2025,NA
"Donna Blue","The Hourglass","Into the Realm of Love","_082","Fem, DJ, Afternoon, Evening, I/III_082",2024,NA
"Ghost Plains","Cherry Bomb","Wild Blue","_082","DJ, Afternoon, Evening, I/III_082",2025,NA
"Holy Wave","Interloper","Interloper","_082","DJ, Afternoon, Evening, I/III_082",2020,NA
"John Jeffrey","Leaving Franklin","Leaving Franklin - Single","_082","Canadian, Rain, DJ, Afternoon, I/III_082",2020,NA
"Patrick Watson","Dream for Dreaming","Wave","_082","DJ, Afternoon, Folk/Rock, Canadian, I/III_082",2019,NA
"Population II","Haut-fond","Maintenant Jamais","_082","Canadian, DJ, Afternoon, Evening, I/III_082",2025,NA
"Alien Nosejob","Caffeine OD","Caffeine OD / Government Flu - Single","_083","DJ, Night, I/III_083",2025,NA
"BITTER//WASHED","I Don't Care","Bitter Illusions","_083","DJ, Canadian, Evening, Night, I/III_083",2023,NA
"Dead Fibres","Subscription","John Q. Citizen","_083","Canadian, DJ, Night, I/III_083",2022,NA
"DOOM GONG","Annihilator","Annihilator - Single","_083","DJ, Night, I/III_083",2025,NA
"Maruja","Break the Tension","Pain to Power","_083","DJ, Night, I/III_083",2025,NA
"Penny & the Pits","Sweat","Liquid Compactor","_083","Canadian, Fem, DJ, Evening, Night, I/III_083",2025,NA
"Powerplant","Hey Mr. Dogman!","People in the Sun","_083","DJ, Evening, Night, Eveght, I/III_083",2019,NA
"Pressure Pin","Dying Wish to Turn Into a Cube","Polyurethane - EP","_083","Canadian, DJ, Night, I/III_083",2024,NA
"Psychic Void","Knelt","Terminal Vacation","_083","Canadian, DJ, Evening, Night, I/III_083",2018,NA
"Shirley & The Pyramids","Neverdie","A New American Classic - EP","_083","Hits, DJ, Evening, Night, Drum, Ignore, Canadian, I/III_083",2019,NA
"Stucco","Free Motion","LP1","_083","Canadian, DJ, Evening, Night, I/III_083",2024,NA
"Surfbort","USA CHEESE","USA CHEESE - Single","_083","Fem, DJ, Evening, Night, I/III_083",2025,NA
"Thee Oh Sees","FIGHT SIMULATOR","ABOMINATION REVEALED AT LAST","_083","DJ, Night, I/III_083",2025,NA
"Useless Eaters","LUSH BOMB","LUSH BOMB - Single","_083","DJ, Night, I/III_083",2025,NA
"Caveman & The Banshee","I'm Bored (feat. Liam Murphy)","Born To Kill","_084","Canadian, DJ, Evening, Night, I/III_084",2025,NA
"Corridor","Sentinelles","Le voyage éternel","_084","Canadian, DJ, Evening, I/III_084",2015,NA
"Deradoorian","Saturnine Night","Find the Sun","_084","Fem, DJ, Evening, Night, Eveght, I/III_084",2020,NA
"Floral Image","Tiergarten","Gone Down Meadowland","_084","DJ, Evening, Night, I/III_084",2025,NA
"Frankie & The Witch Fingers","Total Reset","Trash Classic","_084","DJ, Evening, Night, Hits, I/III_084",2025,NA
"Minami Deutsch","Grumpy Joa","Fortune Goodies","_084","DJ, Evening, Night, Eveght, I/III_084",2022,NA
"Population II","La Trippance","Maintenant Jamais","_084","Canadian, DJ, Afternoon, Evening, Night, I/III_084",2025,NA
"Possum","Party Jam","Space Grade Assembly","_084","Canadian, Hits, DJ, Night, I/III_084",2019,NA
"Artificial Go","Late to the Party","Musical Chairs","_085","DJ, Fem, Evening, I/III_085",2025,"Cincinnati Ohio, Feel It Records"
"bananahaus","Black Hole","Black Hole - Single","_085","Canadian, Fem, DJ, Evening, Night, I/III_085",2025,NA
"Cola","Blank Curtain","Deep in View","_085","Canadian, DJ, Afternoon, Evening, Afting, I/III_085",2022,NA
"Dancer","Baby Blue","Baby Blue - Single","_085","Fem, DJ, Evening, I/III_085",2025,NA
"FACS","A Room","Wish Defense","_085","DJ, Evening, I/III_085",2025,NA
"Gloin","Shoot to Kill","We Found This","_085","Canadian, DJ, Night, I/III_085",2022,NA
"La Sécurité","Serpent","Stay Safe!","_085","Canadian, Fem, DJ, Evening, I/III_085",2023,NA
"New Fries","Mary Poppins Pockets","More","_085","Canadian, DJ, Fem, Evening, I/III_085",2016,NA
"Qlowski","In Cold Blood","The Wound","_085","DJ, Fem, Evening, I/III_085",2024,NA
"Ritchot Textiles","Weight","i - EP","_085","Canadian, DJ, Evening, Night, I/III_085",2024,NA
"Water From Your Eyes","Life Signs","It's a Beautiful Place","_085","Fem, DJ, Evening, I/III_085",2025,NA
"BITTER//WASHED","Hangin Round","Bitter Illusions","_086","DJ, Canadian, Night, I/III_086",2023,NA
"Demon's Claws","Satan's Little Pet Pig","Satan's Little Pet Pig","_086","Canadian, DJ, Evening, Night, I/III_086",2007,NA
"Dion Lunadon","Fire","Dion Lunadon","_086","DJ, Evening, Night, I/III_086",2017,NA
"Fuzz","HazeMaze","Fuzz","_086","SunnyDees, DJ, Afternoon, Evening, Night, Eveght, I/III_086",2013,NA
"GHOSTWOMAN","When You All Were Young","Welcome to the Civilized World","_086","Canadian, DJ, Evening, Night, I/III_086",2025,NA
"Hanni El Khatib","Family","Head In The Dirt","_086","Hits, SunnyDees, DJ, Night, I/III_086",2013,NA
"Hot Garbage","Rinsed","RIDE","_086","Fem, Canadian, DJ, Evening, Night, I/III_086",2021,NA
"Ichi-Bons","Leopardskin","Leopardskin - Single","_086","Canadian, DJ, Evening, Night, Throw, I/III_086",2024,NA
"King Gizzard & The Lizard Wizard","I'm In Your Mind Fuzz","I'm In Your Mind Fuzz","_086","Hits, SunnyDees, DJ, Night, I/III_086",2014,NA
"Miranda and the Beat","Anxiety","Can't Take It","_086","DJ, Fem, Evening, Night, I/III_086",2024,NA
"The Mystery Lights","Can't Get Through to My Head","Too Much Tension!","_086","DJ, Night, I/III_086",2019,NA
"Night Beats","As You Want","Sonic Bloom","_086","Hits, SunnyDees, DJ, Night, Drum, Ignore, I/III_086",2013,"RVRB-013. Released by The Reverberation Appreciation Society on September 24, 2013. Available for purchase on http://www.austinpsychfest.com"
"Population II","Cent piasses","Mulchulation II - EP","_086","Canadian, DJ, Night, I/III_086",2024,NA
"Tebby And The Heavy","In My Shadow","Heavy Afternoon","_086","Fem, Canadian, DJ, Evening, Night, I/III_086",2025,NA
"Thee Oh Sees","The Fizz (Live)","Levitation Sessions (Live)","_086","Hits, DJ, Night, Drum, Live, Ignore, I/III_086",2020,NA
"Wine Lips","Fly Swatter","Stressor","_086","Canadian, DJ, Night, I/III_086",2019,NA
"Alien Nosejob","S-o-S 75","Forced Communal Existence - Single","_087","DJ, Evening, Night, I/III_087",2025,NA
"Big Bill","If You Work for ICE","If You Work for ICE - Single","_087","DJ, Afternoon, Evening, I/III_087",2025,NA
"Cameron Brown","i had to tell you","BLUE","_087","Canadian, DJ, Afternoon, I/III_087",2015,NA
"Energy Slime","Why U Wanna","New Dimensional","_087","Canadian, DJ, Evening, I/III_087",2014,NA
"Floating Action","Lost All My Money","Lost All My Money - Single","_087","DJ, Evening, Throw, I/III_087",2024,NA
"Ghostkeeper","Haunted","Ghostkeeper","_087","Canadian, DJ, Afternoon, I/III_087",2010,"Flemish Eye"
"Jared Jackel's Bad Vibrations","Deafening Noise","Bad Nauseam - EP","_087","Canadian, DJ, Afternoon, Evening, I/III_087",2024,NA
"La Sera","Hold","La Sera","_087","SunnyDees, Fem, DJ, Afternoon, I/III_087",2011,NA
"Moon Duo","Dead West","Killing Time (Expanded Edition)","_087","DJ, Evening, Night, Eveght, I/III_087",2009,NA
"Nina Ryser","Why Do I Ask","Water Giants","_087","Fem, DJ, Evening, Night, Eveght, I/III_087",2024,NA
"Private Lives","Wrong Again","Salt of the Earth","_087","Fem, Canadian, DJ, Afternoon, Evening, I/III_087",2025,NA
"Shimmering Stars","We Weren't Written","Lost & Found Sounds 2009-2013","_087","Canadian, DJ, Afternoon, Evening, I/III_087",2014,NA
"True Green","My Peccadilloes","My Lost Decade","_087","DJ, Afternoon, Evening, I/III_087",2024,NA
"Vanity Mirror","White Butterfly","Super Fluff Forever","_087","Canadian, DJ, Evening, I/III_087",2025,NA
"Wut","White Walls","Now","_087","Canadian, DJ, Fem, Evening, I/III_087",2020,NA
"Activity","Scissors","A Thousand Years In Another Way","_088","Fem, DJ, Afternoon, Evening, Night, I/III_088",2025,NA
"Alix Fernz","HaHa!","Symphonie publicitaire sous influence","_088","Canadian, DJ, Evening, Night, I/III_088",2025,NA
"Ben Seretan","the screens of phones held to heaven","astral projecting into flavortown","_088","DJ, Evening, Night, I/III_088",2025,NA
"BRAIDS","Plath Heart","Native Speaker (Bonus Tracks)","_088","Hits, Canadian, Fem, DJ, Evening, I/III_088",2011,"©2011 Flemish Eye"
"Coco","Moodrings","2","_088","Fem, Rain, DJ, Afternoon, Evening, I/III_088",2024,NA
"Kali Horse","In Blue","2099 - EP","_088","Fem, Canadian, DJ, Evening, Night, I/III_088",2025,NA
"Melts","WLDNG","Field Theory","_088","DJ, Evening, I/III_088",2024,NA
"Pony Girl","Enny One Wil Love You","Enny One Wil Love You","_088","Canadian, DJ, Afternoon, Evening, I/III_088",2022,NA
"Ritchot Textiles","Portrait","ii - EP","_088","Canadian, DJ, Evening, Night, I/III_088",2025,NA
"Victrix","A New Thing","I Saw Me - EP","_088","Fem, Canadian, DJ, Evening, I/III_088",2023,NA
"Water From Your Eyes","Playing Classics","It's a Beautiful Place","_088","Fem, DJ, Evening, I/III_088",2025,NA
"Blume","Passes Me By","Echoes at Night","_089","Canadian, Rain, DJ, Afternoon, I/III_089",2024,NA
"Causa Sui","Milkweed's Pod","In Flux","_089","DJ, Evening, I/III_089",2025,NA
"Celia's Dream","Celia's Dream","Duality FM - EP","_089","Canadian, DJ, Afternoon, Evening, Afting, I/III_089",2024,NA
"Deradoorian","Devil's Market","Find the Sun","_089","Fem, DJ, Afternoon, Evening, I/III_089",2020,NA
"Holy Void","Passing","All Will Be Revealed In Time","_089","Canadian, Folk/Rock, DJ, Afternoon, Evening, Night, I/III_089",2024,NA
"Jeffrey Alexander and the Heavy Lidders","Lift Off","New Earth Seed","_089","DJ, Evening, Night, I/III_089",2023,NA
"The Sadies","Stop and Start","Colder Streams","_089","Folk/Rock, Canadian, DJ, Evening, I/III_089",2022,NA
"Shadow Show","Your Fantasy","Fantasy Now!","_089","Fem, DJ, Evening, I/III_089",2024,NA
"Snake River","I Am On a Journey","The Phantom Carriage","_089","Canadian, DJ, Afternoon, Evening, Night, Instrumental, I/III_089",2022,NA
"Strange Lot","It's Always You","It's Always You - Single","_089","DJ, Evening, Night, Eveght, I/III_089",2024,NA
"Yoo Doo Right & Nolan Potter","La Perla (feat. Population II)","Yoo II avec Nolan Potter (feat. Population II)","_089","Canadian, DJ, Evening, I/III_089",2025,NA
"Bonnie Trash","My Love Remains the Same (Kisses Goodbye)","Mourning You","_090","Canadian, Fem, DJ, Evening, Night, I/III_090",2025,NA
"Bully","Days Move Slow","Lucky for You","_090","Fem, DJ, Evening, Night, I/III_090",2023,NA
"Chastity Belt","5am","I Used to Spend So Much Time Alone","_090","Fem, DJ, Evening, Night, I/III_090",2017,NA
"Feeling Figures","Reality Strikes","Everything Around You","_090","Canadian, DJ, Evening, Night, I/III_090",2024,NA
"Lambrini Girls","No Homo","Who Let The Dogs Out","_090","DJ, Fem, Evening, Night, I/III_090",2025,NA
"Motherhood","Crawly I","Winded","_090","Canadian, DJ, Evening, Night, I/III_090",2022,NA
"Pretty","Where Evil Grows","Where Evil Grows - Single","_090","Canadian, DJ, Evening, Night, I/III_090",2025,NA
"The Radiant","Retreat","Retreat - Single","_090","Canadian, Fem, DJ, Evening, Night, I/III_090",2024,NA
"Sharon Van Etten","Seventeen","Remind Me Tomorrow","_090","Fem, DJ, Evening, Night, Hits, Rain, GEHam_One, I/III_090",2019,NA
"Standard Issue Pleasure Model","Memory","2020","_090","Canadian, DJ, Evening, Night, Afternoon, I/III_090",2020,NA
"Wax Jaw","Lace Up","It Takes Guts!","_090","Fem, DJ, Evening, Night, I/III_090",2025,NA
"Amery","Spirit Is Broken","Continue As Amery","_091","Fem, Canadian, DJ, Afternoon, Evening, I/III_091",2024,NA
"Burrow","The Long Drive Home","The Long Drive Home - Single","_091","Fem, Canadian, DJ, Afternoon, Evening, I/III_091",2025,NA
"Dirty Ribbons","Listen to the Radio","Listen to the Radio - Single","_091","Fem, Canadian, DJ, Afternoon, Evening, I/III_091",2025,NA
"Heaven For Real","Hold Me Back","Hold Me Back - Single","_091","Canadian, DJ, Afternoon, Evening, I/III_091",2025,NA
"Helena Deland","Spring Bug","Goodnight Summerland","_091","Canadian, Fem, DJ, Afternoon, Folk/Rock, I/III_091",2023,NA
"Hermitess","Lines in Our Hands","Death & The Fool","_091","Canadian, Fem, DJ, Afternoon, Evening, Folk/Rock, I/III_091",2025,NA
"Nixon Boyd","Trouble of Your Own","Trouble of Your Own - Single","_091","Canadian, Folk/Rock, DJ, Afternoon, Evening, I/III_091",2024,NA
"Ora Cogan","Dyed","Formless","_091","Canadian, Fem, DJ, Afternoon, Rain, Folk/Rock, I/III_091",2023,NA
"The Pxrtals","Mama's Journey","Mama's Journey - Single","_091","Canadian, DJ, Evening, I/III_091",2023,NA
"Ribbon Skirt","Wrong Planet","Bite Down","_091","Fem, Canadian, DJ, Evening, I/III_091",2025,NA
"Tinge","Inside Jokes","Inside Jokes - Single","_091","Fem, Canadian, DJ, Evening, I/III_091",2025,NA
"Tired Cossack","Crusher","Crusher - Single","_091","Canadian, DJ, Evening, I/III_091",2025,NA
"The Weather Station","Neon Signs","Humanhood","_091","Canadian, DJ, Fem, Afternoon, Evening, I/III_091",2024,NA
"The Won'ts","Get Your Ass to Mars","The Won'ts - Single","_091","Fem, Canadian, DJ, Evening, I/III_091",2025,NA
"The Besnard Lakes","Give Us Our Dominion","The Besnard Lakes are the Ghost Nation","_092","Canadian, Fem, DJ, Evening, I/III_092",2025,NA
"Cola","Bitter Melon","The Gloss","_092","Canadian, DJ, Afternoon, Evening, I/III_092",2024,NA
"ELLiS·D","Getting On","Hullo, Reality!","_092","DJ, Afternoon, Evening, I/III_092",2023,NA
"Just Mustard","POLLYANNA","WE WERE JUST HERE","_092","Fem, DJ, Evening, Night, I/III_092",2025,NA
"Motherfuckers JMB & Co","Keep the Temp","Music Excitement Action Beauty","_092","DJ, Evening, Night, I/III_092",2025,NA
"OMBIIGIZI","Hands Are Up","SHAME","_092","Canadian, DJ, Afternoon, Evening, I/III_092",2024,NA
"A Place to Bury Strangers","You'll Be There For Me","You’ll Be There For Me - Single","_092","DJ, Evening, Night, Eveght, I/III_092",2024,NA
"Punchlove","(sublimate)","(sublimate) - Single","_092","DJ, Fem, Evening, I/III_092",2025,NA
"Qlowski","Surrender","The Wound","_092","DJ, Evening, I/III_092",2024,NA
"Ritchot Textiles","Heaven","i - EP","_092","Canadian, DJ, Afternoon, Evening, I/III_092",2024,NA
"Sam Jr.","Energy Transfer","Energy Transfer - Single","_092","Canadian, DJ, Night, I/III_092",2025,NA
"Sunglaciers","Foreign Bodies I","Foreign Bodies","_092","Canadian, DJ, Evening, I/III_092",2019,NA
"Boy Golden","Suffer","Best of Our Possible Lives","_093","Canadian, DJ, Afternoon, Evening, Folk/Rock, I/III_093",2025,NA
"Garrett T. Capps","Life Is Strange","Life Is Strange","_093","Folk/Rock, DJ, Evening, I/III_093",2025,NA
"Hannah Frances","Falling From and Further","Nested in Tangles","_093","Fem, DJ, Afternoon, Evening, Folk/Rock, I/III_093",2025,NA
"Julianna Riolino","The Less I Know","Echo in the Dust","_093","Fem, Canadian, DJ, Afternoon, Evening, Folk/Rock, I/III_093",2025,NA
"Nick Faye","Right Way","Right Way - Single","_093","Folk/Rock, Canadian, DJ, Afternoon, Evening, I/III_093",2025,NA
"The Nude Party","Sweetheart of the Radio (feat. Pearl Charles & Lady Apple Tree)","Look Who's Back","_093","DJ, Afternoon, Evening, Folk/Rock, I/III_093",2025,NA
"Pearla","Strong","Oh Glistening Onion, The Nighttime Is Coming","_093","Fem, Folk/Rock, Rain, DJ, Afternoon, I/III_093",2023,NA
"Pony Gold","Big in the City","Big in the City - Single","_093","Fem, Canadian, DJ, Afternoon, Evening, Folk/Rock, I/III_093",2025,NA
"Robert Ellis","Westbound Train","Photographs","_093","Folk/Rock, Hits, Rain, Pump, DJ, Afternoon, Evening, Night, I/III_093",2011,NA
"Skinny Dyck","Easygoing","Easygoing","_093","Canadian, Folk/Rock, Rain, DJ, Afternoon, Evening, I/III_093",2024,NA
"Slow Pulp","Broadview","Yard","_093","Folk/Rock, Fem, Rain, DJ, Afternoon, I/III_093",2023,NA
"Steel Saddle","Break My Mind","Break My Mind - Single","_093","Canadian, DJ, Evening, Folk/Rock, I/III_093",2025,NA
"Wolf Willow","This Love of Mine","Soul of Slippery Butte","_093","Canadian, DJ, Evening, Folk/Rock, I/III_093",2024,NA
"Cameron Brown","Say To You","Shapes","_094","Canadian, DJ, Afternoon, Evening, I/III_094",2025,NA
"Christopher Sleightholm","I'll Sing Anything","Jangled On - EP","_094","Canadian, DJ, Afternoon, Evening, I/III_094",2025,NA
"Corridor","Junior","Junior","_094","Canadian, DJ, Evening, I/III_094",2019,NA
"Elephant Stone","Manipulator","Ship of Fools","_094","Canadian, DJ, Evening, I/III_094",2016,NA
"Hélène Barbier","Milquetoast","Panorama","_094","Canadian, Fem, DJ, Evening, I/III_094",2025,NA
"levitation room","Crystal Ball","Ethos","_094","Hits, SunnyDees, DJ, Evening, Night, Last, I/III_094",2015,NA
"Midnight Rodeo","Cleanshirt","Chaos Era","_094","Fem, DJ, Evening, Folk/Rock, I/III_094",2025,NA
"Mother Sun","Good Morning","Meadow 6","_094","Canadian, Rain, DJ, Afternoon, Evening, I/III_094",2024,"Kamloops, Earth Libraries"
"Pearly Moon","In the Autumn","Tragicomedy","_094","Canadian, DJ, Afternoon, Evening, I/III_094",2024,NA
"Quilt","Roller","Plaza","_094","Hits, SunnyDees, Fem, DJ, Evening, Drum, Ignore, I/III_094",2016,NA
"The Soundcarriers","Happens Too Soon","Wilds","_094","Fem, DJ, Evening, Last, I/III_094",2022,NA
"Vinyl Williams","peaceful man","Portasymphony","_094","DJ, Evening, I/III_094",2025,NA
"Windows","Light in the Dark","Light in the Dark - Single","_094","DJ, Afternoon, Evening, I/III_094",2025,NA
"Acid Dad","Real Good Dream","Real Good Dream - Single","_095","DJ, Afternoon, Evening, I/III_095",2025,"NewYork, Greenway Records & Reverberation Appreciation Society"
"Brian Cuddy","Aperol","Burning Light","_095","Canadian, DJ, Afternoon, Evening, Afting, I/III_095",2024,NA
"C.Y.M.","Never Let Me Go","C.Y.M.","_095","DJ, Hits, Evening, Night, I/III_095",2025,NA
"Destroyer","Hydroplaning Off the Edge of the World","Dan's Boogie","_095","Canadian, DJ, Evening, I/III_095",2025,NA
"Ducks Ltd.","Grim Symmetry","Grim Symmetry - Single","_095","Canadian, DJ, Evening, I/III_095",2024,NA
"Energy Slime","Cool Ship II","New Dimensional","_095","Canadian, Fem, DJ, Afternoon, Evening, I/III_095",2014,NA
"Melody's Echo Chamber & El Michels Affair","Daisy","Unclouded","_095","Fem, DJ, Evening, I/III_095",2025,NA
"Monde UFO","Nobody Cares","Flamingo Tower, Nobody Cares EP","_095","DJ, Afternoon, Evening, I/III_095",2025,NA
"The Painters","Nameless Star","Single Cell Nostalgia - EP","_095","Canadian, DJ, Evening, I/III_095",2025,NA
"Papercuts","Sinister Smile","Past Life Regression","_095","Rain, Hits, DJ, Afternoon, Evening, I/III_095",2022,NA
"Preoccupations","Focus","Ill At Ease","_095","Canadian, DJ, Afternoon, Evening, I/III_095",2025,NA
"Prism Shores","Sudden Sting","Out From Underneath","_095","Canadian, DJ, Afternoon, Evening, I/III_095",2025,NA
"U.S. Girls","Running Errands (Yesterday)","Running Errands - Single","_095","Fem, Canadian, DJ, Afternoon, I/III_095",2025,NA
"Yellowbirds","The Rest Of My Life","The Color","_095","DJ, Afternoon, Evening, Night, I/III_095",2010,NA
"Alix Fernz","$candale","Symphonie publicitaire sous influence","_096","Canadian, DJ, Evening, Night, I/III_096",2025,NA
"bananahaus","Ready Body Learning Mind","Ready Body Learning Mind - Single","_096","Canadian, Fem, DJ, Evening, I/III_096",2025,NA
"BODEGA","N.A.S.S.","Brand On The Run","_096","DJ, Evening, I/III_096",2024,NA
"Computer","Concrete Vehicles","Station On The Hill","_096","Canadian, DJ, Evening, Night, I/III_096",2025,NA
"Dead Fibres","Quarterly Report","John Q. Citizen","_096","Canadian, DJ, Evening, Night, I/III_096",2021,NA
"ELLiS·D","I Want to Be Everything You Desire","I Want to Be Everything You Desire - Single","_096","DJ, Evening, Night, I/III_096",2025,NA
"Frankie & The Witch Fingers","Economy","Trash Classic","_096","DJ, Evening, Night, I/III_096",2025,NA
"Junk Drawer","Nids Niteca","Loughgall Circus - Single","_096","DJ, Evening, Night, I/III_096",2023,NA
"Mock Media","Axe","Mock Media","_096","Canadian, DJ, Evening, I/III_096",2019,NA
"New Fries","Ploce","Is the Idea of Us","_096","Canadian, Fem, DJ, Evening, I/III_096",2020,NA
"Pop Pop Vernac","Standards Are Too Slow","A Cold Beer and a Couple of Grapes","_096","Canadian, DJ, Evening, I/III_096",2024,NA
"Rearranged Face","The Witch's Head","Rear Ranged Face - EP","_096","DJ, Evening, I/III_096",2025,NA
"Snõõper","Opt Out","Worldwide","_096","Fem, DJ, Evening, I/III_096",2025,NA
"Soft Bait","New Leaf","Life Advice","_096","DJ, Evening, I/III_096",2025,NA
"Stucco","Megaphone Mouth","LP1","_096","DJ, Canadian, Evening, Night, I/III_096",2024,NA
"DOOM GONG","Spiral Dance of Imminent Doom","MEGAGONG","_097","DJ, Evening, Night, I/III_097",2025,NA
"J.R.C.G.","World i","Grim Iconic...(Sadistic Mantra)","_097","DJ, Evening, Night, Eveght, I/III_097",2024,NA
"The John Denver Airport Conspiracy","The Big Massive","Songs Of Mass Destruction!","_097","Canadian, DJ, Evening, Night, I/III_097",2025,NA
"Kali Horse","In the Water","Some Type of Electric Lagoon","_097","Canadian, Fem, DJ, Evening, Night, CanWav003, I/III_097",2022,NA
"Orua","Real Grandeza","Passe","_097","DJ, Evening, Night, I/III_097",2024,NA
"Rick White","Rolling","Again","_097","Canadian, DJ, Evening, Night, I/III_097",2025,NA
"Thee Oh Sees","The Axis","A Weird Exits","_097","SunnyDees, Rain, DJ, Afternoon, Night, I/III_097",2016,NA
"Yoo Doo Right & Nolan Potter","Cavelier (We're Going Down) [feat. Population II]","Yoo II avec Nolan Potter (feat. Population II)","_097","Canadian, DJ, Evening, Night, I/III_097",2025,NA
"The Blaze Velluto Collection","Flower Girls","Weatherman","_099","Canadian, Fem, DJ, Afternoon, Evening, Folk/Rock, GEHam_Two, I/III_099",2017,NA
"Cameron Brown","Again","Was Here","_099","Canadian, DJ, Evening, I/III_099",2022,NA
"GHOSTWOMAN","that Jesus","Welcome to the Civilized World","_099","Canadian, DJ, Evening, I/III_099",2025,NA
"Harmony on Mars","Sell Your Fears (Single Version)","Shadows on the Wall b/w Sell Your Fears (Single Version) - Single","_099","Canadian, DJ, Evening, I/III_099",2025,NA
"Ichi-Bons","The Back Alley Stroll","Still on Zero / The Back Alley Stroll - Single","_099","Canadian, DJ, Afternoon, Evening, Rain, I/III_099",2025,NA
"Jeff Clarke","Strange Gods","Strange Gods, Poor Irene - Single","_099","Canadian, DJ, Afternoon, Evening, Rain, Folk/Rock, I/III_099",2025,NA
"King Tuff","Sun Medallion","Was Dead","_099","SunnyDees, DJ, Afternoon, Evening, I/III_099",2006,NA
"Lifeguard","Ultra Violence","Ultra Violence - Single","_099","DJ, Evening, I/III_099",2025,NA
"Lightheaded","Same Drop","Thinking, Dreaming, Scheming!","_099","Fem, DJ, Afternoon, Evening, I/III_099",2025,NA
"Nick Waterhouse","Teardrop Will Follow You","Time's All Gone","_099","SunnyDees, Rain, DJ, Afternoon, Evening, Throw, I/III_099",2012,NA
"Shackleton's Lifeboat","Chris Walking","Chris Walking - Single","_099","Canadian, DJ, Evening, I/III_099",2025,NA
"Shannon & The Clams","Baby Don't Do It","Sleep Talk","_099","SunnyDees, Fem, DJ, Afternoon, Evening, I/III_099",2011,NA
"Sharp Pins","Talking In Your Sleep","Balloon Balloon Balloon","_099","DJ, Afternoon, Evening, I/III_099",2025,NA
"The Strange Boys","A Man You've Never Known","And Girls Club","_099","DJ, Afternoon, Evening, I/III_099",2009,NA
"Sunglaciers","Through the Screen","Foreign Bodies","_099","DJ, Canadian, Evening, I/III_099",2019,NA
"Why Bother?","I Got Your Number","You Are Part of the Experiment - EP","_099","DJ, Afternoon, Evening, I/III_099",2025,NA
"Wut","Hands Free","Now","_099","Canadian, DJ, Fem, Evening, I/III_099",2020,NA
"Annabelle Chairlegs","Concrete Trees","Waking Up","_100","Fem, DJ, Evening, I/III_100",2025,NA
"bar italia","Eyepatch","Some Like It Hot","_100","Fem, DJ, Evening, I/III_100",2025,NA
"The Bug Club","The Fixer","Pure Particles","_100","DJ, Evening, I/III_100",2021,NA
"The Get Alongs","Haunt","Haunt - Single","_100","Canadian, DJ, Afternoon, Evening, I/III_100",2025,NA
"Holy Void","Dead","Dead - Single","_100","Canadian, DJ, Afternoon, Evening, Afting, I/III_100",2024,NA
"Hunx & His Punx","Alone In Hollywood On Acid","Walk Out On This World","_100","Fem, DJ, Evening, I/III_100",2025,NA
"Lammping","Everlasting Moor","Stars We Lost - EP","_100","Canadian, Folk/Rock, DJ, Evening, I/III_100",2022,"Toronto, We Are Busy Bodies"
"Lucy's Seduction","Gassed Up","Jay's Garage","_100","Canadian, Fem, DJ, Evening, I/III_100",2025,NA
"Pearly Moon","(I've Been) Waiting for the Day​","Tragicomedy","_100","Canadian, DJ, Evening, I/III_100",2024,NA
"The Shivas","Ride On","You Know What To Do","_100","SunnyDees, DJ, Evening, Night, I/III_100",2014,NA
"The Spyrals","Turns to Me","Retrograde","_100","DJ, Evening, I/III_100",2024,NA
"Taxi Girls","Rainy","Rainy - Single","_100","Canadian, Fem, DJ, Evening, I/III_100",2024,NA
"Vypers","Lashes and Lead","Welcome to the Gutter: Selected Demos 2020-2023","_100","Canadian, DJ, Evening, Night, I/III_100",2024,NA
"Water Machine","Clouds","God Park","_100","Fem, DJ, Evening, I/III_100",2025,NA
"Big Bill","Beautiful Angels of the City","Strawberry Seed","_101","DJ, Afternoon, Evening, Hits, Pump, Rain, Folk/Rock, I/III_101",2024,NA
"Ducks Ltd.","Hollowed Out","Harm's Way","_101","Canadian, DJ, Evening, I/III_101",2023,NA
"Eades","Backwards","Final Sirens Call","_101","DJ, Evening, Hits, I/III_101",2025,NA
"H. Hawkline","Milk For Flowers","Milk For Flowers","_101","Hits, DJ, Evening, I/III_101",2022,NA
"Islands","Wave Forms","Ski Mask","_101","Canadian, DJ, Evening, Hits, I/III_101",2013,NA
"Jimmie Kilpatrick","Satellite","Jimmie","_101","Folk/Rock, Canadian, DJ, Evening, Night, I/III_101",2025,NA
"Man Man","Head on (Hold on to Your Heart)","On Oni Pond","_101","Hits, DJ, Evening, Night, Drum, Pump, GEHam_One, Ignore, I/III_101",2013,NA
"Plants And Animals","The Mama Papa","La La Land","_101","Canadian, DJ, Evening, Night, I/III_101",2010,NA
"The Shilohs","Student of Nature","The Shilohs","_101","Hits, Canadian, DJ, Evening, I/III_101",2014,NA
"The Weather Station","Airport","Airport & Only the Truth - Single","_101","Fem, Canadian, DJ, Afternoon, Evening, I/III_101",2025,NA
"Wet Leg","davina mccall","moisturizer","_101","Fem, DJ, Afternoon, Evening, I/III_101",2025,NA
"Why Bonnie","Dotted Line","Wish On the Bone","_101","Fem, Rain, DJ, Afternoon, Evening, I/III_101",2024,NA
"Yukon Blonde","Colours of My Dreams","Colours of My Dreams - Single","_101","Folk/Rock, Canadian, DJ, Afternoon, Evening, I/III_101",2025,NA
"Cut Worms","Evil Twin","Evil Twin - Single","_102","DJ, Afternoon, Evening, Rain, Folk/Rock, I/III_102",2025,NA
"Delta Spirit","People, Turn Around","Ode To Sunshine","_102","Folk/Rock, Rain, DJ, Afternoon, Evening, Night, I/III_102",2008,NA
"Freckle","Paranoid","Freckle","_102","DJ, Afternoon, Evening, Folk/Rock, I/III_102",2025,NA
"Fruit Bats","From a Soon-to-Be Ghost Town","Absolute Loser","_102","Hits, Folk/Rock, DJ, Evening, I/III_102",2016,NA
"Jason Collett","Love Song To Canada","To Wit To Woo EP","_102","Hits, Folk/Rock, Canadian, DJ, Evening, Night, Drum, Pump, Ignore, I/III_102",2010,NA
"Marlaena Moore","Imposter","Pay Attention, Be Amazed!","_102","Fem, Canadian, Rain, Folk/Rock, DJ, Afternoon, Evening, I/III_102",2019,NA
"Merce Lemon","Will You Do Me a Kindness","Will You Do Me a Kindness - Single","_102","Fem, Rain, Folk/Rock, DJ, Afternoon, Evening, I/III_102",2024,NA
"Nap Eyes","Mixer","Thought Rock Fish Scale","_102","Hits, Canadian, Folk/Rock, DJ, Afternoon, Evening, I/III_102",2016,NA
"Nixon Boyd","Every Time We Turn A Corner","Trouble of Your Own - Single","_102","Canadian, Folk/Rock, DJ, Afternoon, Evening, I/III_102",2024,NA
"No Frills","Shopping in the Toothpaste Aisle","Sad Clown","_102","Canadian, Rain, Folk/Rock, DJ, Afternoon, Evening, I/III_102",2024,NA
"runner","Coffee","Coffee - Single","_102","Folk/Rock, Fem, Canadian, DJ, Evening, I/III_102",2024,NA
"Winter McQuinn & Acacia Pip","Working On Me","Recently I've Been Missing The Colour Green - EP","_102","Fem, Folk/Rock, DJ, Afternoon, Evening, I/III_102",2024,NA
"The Wooden Sky","The Late King Henry","If I Don't Come Home You'll Know I'm Gone","_102","Hits, Folk/Rock, Canadian, DJ, Evening, Pump, I/III_102",2009,NA
"Baby Cool","Altar","Earthling on the Road to Self Love","_103","Fem, DJ, Afternoon, I/III_103",2023,"Brisbane Australia, Greenway & Reverberation Appreciation Society"
"Doug Tuttle","Don't Wanna Feel This Anymore","Don't Wanna Feel This Anymore - Single","_103","DJ, Afternoon, Evening, I/III_103",2025,NA
"Juleah","El Paisaje Se Mueve","Stoked On Planet Summer","_103","Fem, DJ, Afternoon, Evening, Instrumental, I/III_103",2021,NA
"Never Plenty","Sneaky Thief","Never Plenty","_103","Canadian, DJ, Afternoon, Evening, I/III_103",2025,NA
"Nice Biscuit","SOS","SOS","_103","Fem, Rain, DJ, Afternoon, Evening, I/III_103",2024,NA
"Nightshades","See That Bear","Inside Joke","_103","Canadian, DJ, Afternoon, Evening, I/III_103",2025,NA
"Nolan Potter","Mother's Sons","Two Songs by Nolan Potter - Single","_103","DJ, Afternoon, Evening, I/III_103",2025,NA
"Pearly Moon","Constant Change","Tragicomedy","_103","Canadian, DJ, Afternoon, Evening, I/III_103",2024,NA
"ROY","Where Did My Mind Go?","Roy's Garage","_103","Canadian, Rain, DJ, Afternoon, I/III_103",2021,NA
"Sunglaciers","Dream Fever","Foreign Bodies","_103","Canadian, DJ, Afternoon, Evening, I/III_103",2019,NA
"Adore","Sweet Keith","BITER","_104","Fem, DJ, Night, I/III_104",2025,NA
"BITTER//WASHED","Circling the Drain","Bitter Illusions","_104","DJ, Canadian, Evening, Night, I/III_104",2023,NA
"Bonnie Trash","Veil of Greed","Mourning You","_104","Canadian, Fem, DJ, Night, I/III_104",2024,NA
"Computer","Now In A Vacuum","Station On The Hill","_104","Canadian, DJ, Night, I/III_104",2025,NA
"Fake Palms","Fever Dreams","Fake Palms","_104","Hits, Canadian, DJ, Night, I/III_104",2015,NA
"Fomies","Colossus II","Colossus II - Single","_104","DJ, Evening, Night, I/III_104",2025,NA
"Gloin","20 Bucks","All of your anger is actually shame (and I bet that makes you angry)","_104","Canadian, DJ, Evening, Night, I/III_104",2025,NA
"J.R.C.G.","Holy Hope","Ajo Sunshine","_104","DJ, Evening, Night, Eveght, I/III_104",2021,NA
"Maruja","Bloodsport","Pain to Power","_104","DJ, Hits, Evening, Night, I/III_104",2025,NA
"Party Dozen","Ghost Rider","Mad Rooter / Ghost Rider - Single","_104","Fem, DJ, Evening, Night, I/III_104",2025,NA
"Psychedelic Porn Crumpets","Another Reincarnation","Carpe Diem, Moonman","_104","DJ, Night, I/III_104",2024,NA
"Psychic Void","Night Terrors","Terminal Vacation","_104","Canadian, DJ, Evening, Night, I/III_104",2018,NA
"Public Body","Why?","Finger Food","_104","DJ, Night, I/III_104",2025,NA
"Rick White","Life In The Maze","Again","_104","Canadian, DJ, Evening, Night, I/III_104",2025,NA
"VICTIME","Faire la matière","En conversation avec","_104","Fem, Canadian, DJ, Night, I/III_104",2024,NA
"Wine Lips","Derailer","Super Mega Ultra","_104","Canadian, DJ, Evening, Night, I/III_104",2024,NA
